0,<cc/><diact type="%"/>
1,<cc/><diact type="^2"/>
2,<cc/><diact type="^g"/>
3,<cc/><diact type="^h"/>
4,<cc/><diact type="^q"/>
5,<cc/><diact type="aa"/>
6,<cc/><diact type="aap_am"/>
7,<cc/><diact type="ad"/>
8,<cc/><diact type="ar"/>
9,<cc/><diact type="arp_nd"/>
10,<cc/><diact type="b"/>
11,<cc/><diact type="b^m"/>
12,<cc/><diact type="ba"/>
13,<cc/><diact type="bd"/>
14,<cc/><diact type="bf"/>
15,<cc/><diact type="bh"/>
16,<cc/><diact type="bk"/>
17,<cc/><diact type="br"/>
18,<cc/><diact type="fa"/>
19,<cc/><diact type="fc"/>
20,<cc/><diact type="fo_o_fw_"_by_bc"/>
21,<cc/><diact type="fp"/>
22,<cc/><diact type="ft"/>
23,<cc/><diact type="h"/>
24,<cc/><diact type="na"/>
25,<cc/><diact type="ng"/>
26,<cc/><diact type="nn"/>
27,<cc/><diact type="no"/>
28,<cc/><diact type="ny"/>
29,<cc/><diact type="oo_co_cc"/>
30,<cc/><diact type="qh"/>
31,<cc/><diact type="qo"/>
32,<cc/><diact type="qrr"/>
33,<cc/><diact type="qw"/>
34,<cc/><diact type="qw^d"/>
35,<cc/><diact type="qy"/>
36,<cc/><diact type="qy^d"/>
37,<cc/><diact type="sd"/>
38,<cc/><diact type="sv"/>
39,<cc/><diact type="t1"/>
40,<cc/><diact type="t3"/>
41,<ct/><diact type="%"/>
42,<ct/><diact type="^2"/>
43,<ct/><diact type="^g"/>
44,<ct/><diact type="^h"/>
45,<ct/><diact type="^q"/>
46,<ct/><diact type="aa"/>
47,<ct/><diact type="aap_am"/>
48,<ct/><diact type="ad"/>
49,<ct/><diact type="ar"/>
50,<ct/><diact type="arp_nd"/>
51,<ct/><diact type="b"/>
52,<ct/><diact type="b^m"/>
53,<ct/><diact type="ba"/>
54,<ct/><diact type="bd"/>
55,<ct/><diact type="bf"/>
56,<ct/><diact type="bh"/>
57,<ct/><diact type="bk"/>
58,<ct/><diact type="br"/>
59,<ct/><diact type="fa"/>
60,<ct/><diact type="fc"/>
61,<ct/><diact type="fo_o_fw_"_by_bc"/>
62,<ct/><diact type="fp"/>
63,<ct/><diact type="ft"/>
64,<ct/><diact type="h"/>
65,<ct/><diact type="na"/>
66,<ct/><diact type="ng"/>
67,<ct/><diact type="nn"/>
68,<ct/><diact type="no"/>
69,<ct/><diact type="ny"/>
70,<ct/><diact type="oo_co_cc"/>
71,<ct/><diact type="qh"/>
72,<ct/><diact type="qo"/>
73,<ct/><diact type="qrr"/>
74,<ct/><diact type="qw"/>
75,<ct/><diact type="qw^d"/>
76,<ct/><diact type="qy"/>
77,<ct/><diact type="qy^d"/>
78,<ct/><diact type="sd"/>
79,<ct/><diact type="sv"/>
80,<ct/><diact type="t1"/>
81,<ct/><diact type="t3"/>
82,<tc/><diact type="%"/>
83,<tc/><diact type="^2"/>
84,<tc/><diact type="^g"/>
85,<tc/><diact type="^h"/>
86,<tc/><diact type="^q"/>
87,<tc/><diact type="aa"/>
88,<tc/><diact type="aap_am"/>
89,<tc/><diact type="ad"/>
90,<tc/><diact type="ar"/>
91,<tc/><diact type="arp_nd"/>
92,<tc/><diact type="b"/>
93,<tc/><diact type="b^m"/>
94,<tc/><diact type="ba"/>
95,<tc/><diact type="bd"/>
96,<tc/><diact type="bf"/>
97,<tc/><diact type="bh"/>
98,<tc/><diact type="bk"/>
99,<tc/><diact type="br"/>
100,<tc/><diact type="fa"/>
101,<tc/><diact type="fc"/>
102,<tc/><diact type="fo_o_fw_"_by_bc"/>
103,<tc/><diact type="fp"/>
104,<tc/><diact type="ft"/>
105,<tc/><diact type="h"/>
106,<tc/><diact type="na"/>
107,<tc/><diact type="ng"/>
108,<tc/><diact type="nn"/>
109,<tc/><diact type="no"/>
110,<tc/><diact type="ny"/>
111,<tc/><diact type="oo_co_cc"/>
112,<tc/><diact type="qh"/>
113,<tc/><diact type="qo"/>
114,<tc/><diact type="qrr"/>
115,<tc/><diact type="qw"/>
116,<tc/><diact type="qw^d"/>
117,<tc/><diact type="qy"/>
118,<tc/><diact type="qy^d"/>
119,<tc/><diact type="sd"/>
120,<tc/><diact type="sv"/>
121,<tc/><diact type="t1"/>
122,<tc/><diact type="t3"/>
123,<tt/><diact type="%"/>
124,<tt/><diact type="^2"/>
125,<tt/><diact type="^g"/>
126,<tt/><diact type="^h"/>
127,<tt/><diact type="^q"/>
128,<tt/><diact type="aa"/>
129,<tt/><diact type="aap_am"/>
130,<tt/><diact type="ad"/>
131,<tt/><diact type="ar"/>
132,<tt/><diact type="arp_nd"/>
133,<tt/><diact type="b"/>
134,<tt/><diact type="b^m"/>
135,<tt/><diact type="ba"/>
136,<tt/><diact type="bd"/>
137,<tt/><diact type="bf"/>
138,<tt/><diact type="bh"/>
139,<tt/><diact type="bk"/>
140,<tt/><diact type="br"/>
141,<tt/><diact type="fa"/>
142,<tt/><diact type="fc"/>
143,<tt/><diact type="fo_o_fw_"_by_bc"/>
144,<tt/><diact type="fp"/>
145,<tt/><diact type="ft"/>
146,<tt/><diact type="h"/>
147,<tt/><diact type="na"/>
148,<tt/><diact type="ng"/>
149,<tt/><diact type="nn"/>
150,<tt/><diact type="no"/>
151,<tt/><diact type="ny"/>
152,<tt/><diact type="qh"/>
153,<tt/><diact type="qo"/>
154,<tt/><diact type="qw"/>
155,<tt/><diact type="qy"/>
156,<tt/><diact type="qy^d"/>
157,<tt/><diact type="sd"/>
158,<tt/><diact type="sv"/>
159,<tt/><diact type="t1"/>
160,<tt/><diact type="t3"/>