0,<e/><cc/><diact type="%"/><nolaughter/>
1,<e/><cc/><diact type="%"/><speechLaugh/>
2,<e/><cc/><diact type="^2"/><nolaughter/>
3,<e/><cc/><diact type="^g"/><nolaughter/>
4,<e/><cc/><diact type="^h"/><nolaughter/>
5,<e/><cc/><diact type="^q"/><nolaughter/>
6,<e/><cc/><diact type="^q"/><speechLaugh/>
7,<e/><cc/><diact type="aa"/><nolaughter/>
8,<e/><cc/><diact type="aap_am"/><nolaughter/>
9,<e/><cc/><diact type="ad"/><nolaughter/>
10,<e/><cc/><diact type="ad"/><speechLaugh/>
11,<e/><cc/><diact type="ar"/><nolaughter/>
12,<e/><cc/><diact type="ar"/><speechLaugh/>
13,<e/><cc/><diact type="arp_nd"/><nolaughter/>
14,<e/><cc/><diact type="b"/><nolaughter/>
15,<e/><cc/><diact type="b"/><speechLaugh/>
16,<e/><cc/><diact type="b^m"/><nolaughter/>
17,<e/><cc/><diact type="ba"/><nolaughter/>
18,<e/><cc/><diact type="ba"/><speechLaugh/>
19,<e/><cc/><diact type="bd"/><nolaughter/>
20,<e/><cc/><diact type="bf"/><nolaughter/>
21,<e/><cc/><diact type="bh"/><nolaughter/>
22,<e/><cc/><diact type="bk"/><nolaughter/>
23,<e/><cc/><diact type="br"/><nolaughter/>
24,<e/><cc/><diact type="fa"/><nolaughter/>
25,<e/><cc/><diact type="fc"/><nolaughter/>
26,<e/><cc/><diact type="fo_o_fw_"_by_bc"/><nolaughter/>
27,<e/><cc/><diact type="fp"/><nolaughter/>
28,<e/><cc/><diact type="ft"/><nolaughter/>
29,<e/><cc/><diact type="h"/><nolaughter/>
30,<e/><cc/><diact type="na"/><nolaughter/>
31,<e/><cc/><diact type="ng"/><nolaughter/>
32,<e/><cc/><diact type="nn"/><nolaughter/>
33,<e/><cc/><diact type="no"/><nolaughter/>
34,<e/><cc/><diact type="ny"/><nolaughter/>
35,<e/><cc/><diact type="oo_co_cc"/><nolaughter/>
36,<e/><cc/><diact type="qh"/><nolaughter/>
37,<e/><cc/><diact type="qh"/><speechLaugh/>
38,<e/><cc/><diact type="qo"/><nolaughter/>
39,<e/><cc/><diact type="qrr"/><nolaughter/>
40,<e/><cc/><diact type="qw"/><nolaughter/>
41,<e/><cc/><diact type="qw"/><speechLaugh/>
42,<e/><cc/><diact type="qw^d"/><nolaughter/>
43,<e/><cc/><diact type="qy"/><nolaughter/>
44,<e/><cc/><diact type="qy^d"/><nolaughter/>
45,<e/><cc/><diact type="sd"/><nolaughter/>
46,<e/><cc/><diact type="sd"/><speechLaugh/>
47,<e/><cc/><diact type="sv"/><nolaughter/>
48,<e/><cc/><diact type="sv"/><speechLaugh/>
49,<e/><cc/><diact type="t1"/><nolaughter/>
50,<e/><cc/><diact type="t3"/><nolaughter/>
51,<e/><ct/><diact type="%"/><nolaughter/>
52,<e/><ct/><diact type="%"/><speechLaugh/>
53,<e/><ct/><diact type="^2"/><nolaughter/>
54,<e/><ct/><diact type="^g"/><nolaughter/>
55,<e/><ct/><diact type="^h"/><nolaughter/>
56,<e/><ct/><diact type="^h"/><speechLaugh/>
57,<e/><ct/><diact type="^q"/><nolaughter/>
58,<e/><ct/><diact type="^q"/><speechLaugh/>
59,<e/><ct/><diact type="aa"/><nolaughter/>
60,<e/><ct/><diact type="aa"/><speechLaugh/>
61,<e/><ct/><diact type="aap_am"/><nolaughter/>
62,<e/><ct/><diact type="ad"/><nolaughter/>
63,<e/><ct/><diact type="ad"/><speechLaugh/>
64,<e/><ct/><diact type="ar"/><nolaughter/>
65,<e/><ct/><diact type="arp_nd"/><nolaughter/>
66,<e/><ct/><diact type="b"/><nolaughter/>
67,<e/><ct/><diact type="b"/><speechLaugh/>
68,<e/><ct/><diact type="b^m"/><nolaughter/>
69,<e/><ct/><diact type="ba"/><nolaughter/>
70,<e/><ct/><diact type="ba"/><speechLaugh/>
71,<e/><ct/><diact type="bd"/><nolaughter/>
72,<e/><ct/><diact type="bf"/><nolaughter/>
73,<e/><ct/><diact type="bf"/><speechLaugh/>
74,<e/><ct/><diact type="bh"/><nolaughter/>
75,<e/><ct/><diact type="bk"/><nolaughter/>
76,<e/><ct/><diact type="fa"/><nolaughter/>
77,<e/><ct/><diact type="fc"/><nolaughter/>
78,<e/><ct/><diact type="fo_o_fw_"_by_bc"/><nolaughter/>
79,<e/><ct/><diact type="fo_o_fw_"_by_bc"/><speechLaugh/>
80,<e/><ct/><diact type="fp"/><nolaughter/>
81,<e/><ct/><diact type="h"/><nolaughter/>
82,<e/><ct/><diact type="h"/><speechLaugh/>
83,<e/><ct/><diact type="na"/><nolaughter/>
84,<e/><ct/><diact type="ng"/><nolaughter/>
85,<e/><ct/><diact type="nn"/><nolaughter/>
86,<e/><ct/><diact type="no"/><nolaughter/>
87,<e/><ct/><diact type="ny"/><nolaughter/>
88,<e/><ct/><diact type="oo_co_cc"/><nolaughter/>
89,<e/><ct/><diact type="qh"/><nolaughter/>
90,<e/><ct/><diact type="qh"/><speechLaugh/>
91,<e/><ct/><diact type="qo"/><nolaughter/>
92,<e/><ct/><diact type="qrr"/><nolaughter/>
93,<e/><ct/><diact type="qw"/><nolaughter/>
94,<e/><ct/><diact type="qw^d"/><nolaughter/>
95,<e/><ct/><diact type="qy"/><nolaughter/>
96,<e/><ct/><diact type="qy"/><speechLaugh/>
97,<e/><ct/><diact type="qy^d"/><nolaughter/>
98,<e/><ct/><diact type="qy^d"/><speechLaugh/>
99,<e/><ct/><diact type="sd"/><nolaughter/>
100,<e/><ct/><diact type="sd"/><speechLaugh/>
101,<e/><ct/><diact type="sv"/><nolaughter/>
102,<e/><ct/><diact type="sv"/><speechLaugh/>
103,<e/><ct/><diact type="t1"/><nolaughter/>
104,<e/><tc/><diact type="%"/><nolaughter/>
105,<e/><tc/><diact type="%"/><speechLaugh/>
106,<e/><tc/><diact type="^2"/><nolaughter/>
107,<e/><tc/><diact type="^g"/><nolaughter/>
108,<e/><tc/><diact type="^h"/><nolaughter/>
109,<e/><tc/><diact type="^q"/><nolaughter/>
110,<e/><tc/><diact type="aa"/><nolaughter/>
111,<e/><tc/><diact type="aa"/><speechLaugh/>
112,<e/><tc/><diact type="aap_am"/><nolaughter/>
113,<e/><tc/><diact type="ad"/><nolaughter/>
114,<e/><tc/><diact type="ad"/><speechLaugh/>
115,<e/><tc/><diact type="ar"/><nolaughter/>
116,<e/><tc/><diact type="arp_nd"/><nolaughter/>
117,<e/><tc/><diact type="b"/><nolaughter/>
118,<e/><tc/><diact type="b"/><speechLaugh/>
119,<e/><tc/><diact type="b^m"/><nolaughter/>
120,<e/><tc/><diact type="b^m"/><speechLaugh/>
121,<e/><tc/><diact type="ba"/><nolaughter/>
122,<e/><tc/><diact type="ba"/><speechLaugh/>
123,<e/><tc/><diact type="bd"/><nolaughter/>
124,<e/><tc/><diact type="bf"/><nolaughter/>
125,<e/><tc/><diact type="bh"/><nolaughter/>
126,<e/><tc/><diact type="bh"/><speechLaugh/>
127,<e/><tc/><diact type="bk"/><nolaughter/>
128,<e/><tc/><diact type="bk"/><speechLaugh/>
129,<e/><tc/><diact type="br"/><nolaughter/>
130,<e/><tc/><diact type="fa"/><nolaughter/>
131,<e/><tc/><diact type="fc"/><nolaughter/>
132,<e/><tc/><diact type="fc"/><speechLaugh/>
133,<e/><tc/><diact type="fo_o_fw_"_by_bc"/><nolaughter/>
134,<e/><tc/><diact type="fp"/><nolaughter/>
135,<e/><tc/><diact type="ft"/><nolaughter/>
136,<e/><tc/><diact type="h"/><nolaughter/>
137,<e/><tc/><diact type="na"/><nolaughter/>
138,<e/><tc/><diact type="ng"/><nolaughter/>
139,<e/><tc/><diact type="nn"/><nolaughter/>
140,<e/><tc/><diact type="no"/><nolaughter/>
141,<e/><tc/><diact type="ny"/><nolaughter/>
142,<e/><tc/><diact type="ny"/><speechLaugh/>
143,<e/><tc/><diact type="oo_co_cc"/><nolaughter/>
144,<e/><tc/><diact type="qh"/><nolaughter/>
145,<e/><tc/><diact type="qo"/><nolaughter/>
146,<e/><tc/><diact type="qrr"/><nolaughter/>
147,<e/><tc/><diact type="qw"/><nolaughter/>
148,<e/><tc/><diact type="qw"/><speechLaugh/>
149,<e/><tc/><diact type="qw^d"/><nolaughter/>
150,<e/><tc/><diact type="qw^d"/><speechLaugh/>
151,<e/><tc/><diact type="qy"/><nolaughter/>
152,<e/><tc/><diact type="qy"/><speechLaugh/>
153,<e/><tc/><diact type="qy^d"/><nolaughter/>
154,<e/><tc/><diact type="qy^d"/><speechLaugh/>
155,<e/><tc/><diact type="sd"/><nolaughter/>
156,<e/><tc/><diact type="sd"/><speechLaugh/>
157,<e/><tc/><diact type="sv"/><nolaughter/>
158,<e/><tc/><diact type="sv"/><speechLaugh/>
159,<e/><tc/><diact type="t1"/><nolaughter/>
160,<e/><tc/><diact type="t3"/><nolaughter/>
161,<e/><tt/><diact type="%"/><nolaughter/>
162,<e/><tt/><diact type="%"/><speechLaugh/>
163,<e/><tt/><diact type="^h"/><nolaughter/>
164,<e/><tt/><diact type="aa"/><nolaughter/>
165,<e/><tt/><diact type="ar"/><nolaughter/>
166,<e/><tt/><diact type="arp_nd"/><nolaughter/>
167,<e/><tt/><diact type="arp_nd"/><speechLaugh/>
168,<e/><tt/><diact type="b"/><nolaughter/>
169,<e/><tt/><diact type="b"/><speechLaugh/>
170,<e/><tt/><diact type="b^m"/><nolaughter/>
171,<e/><tt/><diact type="ba"/><nolaughter/>
172,<e/><tt/><diact type="bk"/><nolaughter/>
173,<e/><tt/><diact type="br"/><nolaughter/>
174,<e/><tt/><diact type="fc"/><nolaughter/>
175,<e/><tt/><diact type="fc"/><speechLaugh/>
176,<e/><tt/><diact type="fo_o_fw_"_by_bc"/><nolaughter/>
177,<e/><tt/><diact type="h"/><nolaughter/>
178,<e/><tt/><diact type="no"/><nolaughter/>
179,<e/><tt/><diact type="ny"/><nolaughter/>
180,<e/><tt/><diact type="qy"/><nolaughter/>
181,<f/><cc/><diact type="%"/><nolaughter/>
182,<f/><cc/><diact type="%"/><speechLaugh/>
183,<f/><cc/><diact type="^2"/><nolaughter/>
184,<f/><cc/><diact type="^2"/><speechLaugh/>
185,<f/><cc/><diact type="^g"/><nolaughter/>
186,<f/><cc/><diact type="^h"/><nolaughter/>
187,<f/><cc/><diact type="^h"/><speechLaugh/>
188,<f/><cc/><diact type="^q"/><nolaughter/>
189,<f/><cc/><diact type="^q"/><speechLaugh/>
190,<f/><cc/><diact type="aa"/><nolaughter/>
191,<f/><cc/><diact type="aa"/><speechLaugh/>
192,<f/><cc/><diact type="aap_am"/><nolaughter/>
193,<f/><cc/><diact type="aap_am"/><speechLaugh/>
194,<f/><cc/><diact type="ad"/><nolaughter/>
195,<f/><cc/><diact type="ad"/><speechLaugh/>
196,<f/><cc/><diact type="ar"/><nolaughter/>
197,<f/><cc/><diact type="arp_nd"/><nolaughter/>
198,<f/><cc/><diact type="b"/><nolaughter/>
199,<f/><cc/><diact type="b"/><speechLaugh/>
200,<f/><cc/><diact type="b^m"/><nolaughter/>
201,<f/><cc/><diact type="b^m"/><speechLaugh/>
202,<f/><cc/><diact type="ba"/><nolaughter/>
203,<f/><cc/><diact type="ba"/><speechLaugh/>
204,<f/><cc/><diact type="bd"/><nolaughter/>
205,<f/><cc/><diact type="bd"/><speechLaugh/>
206,<f/><cc/><diact type="bf"/><nolaughter/>
207,<f/><cc/><diact type="bf"/><speechLaugh/>
208,<f/><cc/><diact type="bh"/><nolaughter/>
209,<f/><cc/><diact type="bh"/><speechLaugh/>
210,<f/><cc/><diact type="bk"/><nolaughter/>
211,<f/><cc/><diact type="br"/><nolaughter/>
212,<f/><cc/><diact type="fa"/><nolaughter/>
213,<f/><cc/><diact type="fc"/><nolaughter/>
214,<f/><cc/><diact type="fc"/><speechLaugh/>
215,<f/><cc/><diact type="fo_o_fw_"_by_bc"/><nolaughter/>
216,<f/><cc/><diact type="fo_o_fw_"_by_bc"/><speechLaugh/>
217,<f/><cc/><diact type="fp"/><nolaughter/>
218,<f/><cc/><diact type="ft"/><nolaughter/>
219,<f/><cc/><diact type="h"/><nolaughter/>
220,<f/><cc/><diact type="h"/><speechLaugh/>
221,<f/><cc/><diact type="na"/><nolaughter/>
222,<f/><cc/><diact type="na"/><speechLaugh/>
223,<f/><cc/><diact type="ng"/><nolaughter/>
224,<f/><cc/><diact type="ng"/><speechLaugh/>
225,<f/><cc/><diact type="nn"/><nolaughter/>
226,<f/><cc/><diact type="no"/><nolaughter/>
227,<f/><cc/><diact type="no"/><speechLaugh/>
228,<f/><cc/><diact type="ny"/><nolaughter/>
229,<f/><cc/><diact type="oo_co_cc"/><nolaughter/>
230,<f/><cc/><diact type="oo_co_cc"/><speechLaugh/>
231,<f/><cc/><diact type="qh"/><nolaughter/>
232,<f/><cc/><diact type="qh"/><speechLaugh/>
233,<f/><cc/><diact type="qo"/><nolaughter/>
234,<f/><cc/><diact type="qo"/><speechLaugh/>
235,<f/><cc/><diact type="qrr"/><nolaughter/>
236,<f/><cc/><diact type="qw"/><nolaughter/>
237,<f/><cc/><diact type="qw"/><speechLaugh/>
238,<f/><cc/><diact type="qw^d"/><nolaughter/>
239,<f/><cc/><diact type="qw^d"/><speechLaugh/>
240,<f/><cc/><diact type="qy"/><nolaughter/>
241,<f/><cc/><diact type="qy"/><speechLaugh/>
242,<f/><cc/><diact type="qy^d"/><nolaughter/>
243,<f/><cc/><diact type="qy^d"/><speechLaugh/>
244,<f/><cc/><diact type="sd"/><nolaughter/>
245,<f/><cc/><diact type="sd"/><speechLaugh/>
246,<f/><cc/><diact type="sv"/><nolaughter/>
247,<f/><cc/><diact type="sv"/><speechLaugh/>
248,<f/><cc/><diact type="t1"/><nolaughter/>
249,<f/><cc/><diact type="t3"/><nolaughter/>
250,<f/><ct/><diact type="%"/><nolaughter/>
251,<f/><ct/><diact type="%"/><speechLaugh/>
252,<f/><ct/><diact type="^2"/><nolaughter/>
253,<f/><ct/><diact type="^2"/><speechLaugh/>
254,<f/><ct/><diact type="^g"/><nolaughter/>
255,<f/><ct/><diact type="^g"/><speechLaugh/>
256,<f/><ct/><diact type="^h"/><nolaughter/>
257,<f/><ct/><diact type="^h"/><speechLaugh/>
258,<f/><ct/><diact type="^q"/><nolaughter/>
259,<f/><ct/><diact type="^q"/><speechLaugh/>
260,<f/><ct/><diact type="aa"/><nolaughter/>
261,<f/><ct/><diact type="aa"/><speechLaugh/>
262,<f/><ct/><diact type="aap_am"/><nolaughter/>
263,<f/><ct/><diact type="ad"/><nolaughter/>
264,<f/><ct/><diact type="ad"/><speechLaugh/>
265,<f/><ct/><diact type="ar"/><nolaughter/>
266,<f/><ct/><diact type="ar"/><speechLaugh/>
267,<f/><ct/><diact type="arp_nd"/><nolaughter/>
268,<f/><ct/><diact type="arp_nd"/><speechLaugh/>
269,<f/><ct/><diact type="b"/><nolaughter/>
270,<f/><ct/><diact type="b"/><speechLaugh/>
271,<f/><ct/><diact type="b^m"/><nolaughter/>
272,<f/><ct/><diact type="b^m"/><speechLaugh/>
273,<f/><ct/><diact type="ba"/><nolaughter/>
274,<f/><ct/><diact type="ba"/><speechLaugh/>
275,<f/><ct/><diact type="bd"/><nolaughter/>
276,<f/><ct/><diact type="bd"/><speechLaugh/>
277,<f/><ct/><diact type="bf"/><nolaughter/>
278,<f/><ct/><diact type="bf"/><speechLaugh/>
279,<f/><ct/><diact type="bh"/><nolaughter/>
280,<f/><ct/><diact type="bh"/><speechLaugh/>
281,<f/><ct/><diact type="bk"/><nolaughter/>
282,<f/><ct/><diact type="bk"/><speechLaugh/>
283,<f/><ct/><diact type="br"/><nolaughter/>
284,<f/><ct/><diact type="br"/><speechLaugh/>
285,<f/><ct/><diact type="fa"/><nolaughter/>
286,<f/><ct/><diact type="fc"/><nolaughter/>
287,<f/><ct/><diact type="fc"/><speechLaugh/>
288,<f/><ct/><diact type="fo_o_fw_"_by_bc"/><nolaughter/>
289,<f/><ct/><diact type="fo_o_fw_"_by_bc"/><speechLaugh/>
290,<f/><ct/><diact type="fp"/><nolaughter/>
291,<f/><ct/><diact type="fp"/><speechLaugh/>
292,<f/><ct/><diact type="ft"/><nolaughter/>
293,<f/><ct/><diact type="ft"/><speechLaugh/>
294,<f/><ct/><diact type="h"/><nolaughter/>
295,<f/><ct/><diact type="h"/><speechLaugh/>
296,<f/><ct/><diact type="na"/><nolaughter/>
297,<f/><ct/><diact type="na"/><speechLaugh/>
298,<f/><ct/><diact type="ng"/><nolaughter/>
299,<f/><ct/><diact type="ng"/><speechLaugh/>
300,<f/><ct/><diact type="nn"/><nolaughter/>
301,<f/><ct/><diact type="no"/><nolaughter/>
302,<f/><ct/><diact type="no"/><speechLaugh/>
303,<f/><ct/><diact type="ny"/><nolaughter/>
304,<f/><ct/><diact type="ny"/><speechLaugh/>
305,<f/><ct/><diact type="oo_co_cc"/><nolaughter/>
306,<f/><ct/><diact type="oo_co_cc"/><speechLaugh/>
307,<f/><ct/><diact type="qh"/><nolaughter/>
308,<f/><ct/><diact type="qh"/><speechLaugh/>
309,<f/><ct/><diact type="qo"/><nolaughter/>
310,<f/><ct/><diact type="qo"/><speechLaugh/>
311,<f/><ct/><diact type="qrr"/><nolaughter/>
312,<f/><ct/><diact type="qrr"/><speechLaugh/>
313,<f/><ct/><diact type="qw"/><nolaughter/>
314,<f/><ct/><diact type="qw"/><speechLaugh/>
315,<f/><ct/><diact type="qw^d"/><nolaughter/>
316,<f/><ct/><diact type="qw^d"/><speechLaugh/>
317,<f/><ct/><diact type="qy"/><nolaughter/>
318,<f/><ct/><diact type="qy"/><speechLaugh/>
319,<f/><ct/><diact type="qy^d"/><nolaughter/>
320,<f/><ct/><diact type="qy^d"/><speechLaugh/>
321,<f/><ct/><diact type="sd"/><nolaughter/>
322,<f/><ct/><diact type="sd"/><speechLaugh/>
323,<f/><ct/><diact type="sv"/><nolaughter/>
324,<f/><ct/><diact type="sv"/><speechLaugh/>
325,<f/><ct/><diact type="t1"/><nolaughter/>
326,<f/><ct/><diact type="t1"/><speechLaugh/>
327,<f/><ct/><diact type="t3"/><nolaughter/>
328,<f/><tc/><diact type="%"/><nolaughter/>
329,<f/><tc/><diact type="%"/><speechLaugh/>
330,<f/><tc/><diact type="^2"/><nolaughter/>
331,<f/><tc/><diact type="^2"/><speechLaugh/>
332,<f/><tc/><diact type="^g"/><nolaughter/>
333,<f/><tc/><diact type="^h"/><nolaughter/>
334,<f/><tc/><diact type="^q"/><nolaughter/>
335,<f/><tc/><diact type="^q"/><speechLaugh/>
336,<f/><tc/><diact type="aa"/><nolaughter/>
337,<f/><tc/><diact type="aa"/><speechLaugh/>
338,<f/><tc/><diact type="aap_am"/><nolaughter/>
339,<f/><tc/><diact type="aap_am"/><speechLaugh/>
340,<f/><tc/><diact type="ad"/><nolaughter/>
341,<f/><tc/><diact type="ad"/><speechLaugh/>
342,<f/><tc/><diact type="ar"/><nolaughter/>
343,<f/><tc/><diact type="ar"/><speechLaugh/>
344,<f/><tc/><diact type="arp_nd"/><nolaughter/>
345,<f/><tc/><diact type="b"/><nolaughter/>
346,<f/><tc/><diact type="b"/><speechLaugh/>
347,<f/><tc/><diact type="b^m"/><nolaughter/>
348,<f/><tc/><diact type="b^m"/><speechLaugh/>
349,<f/><tc/><diact type="ba"/><nolaughter/>
350,<f/><tc/><diact type="ba"/><speechLaugh/>
351,<f/><tc/><diact type="bd"/><nolaughter/>
352,<f/><tc/><diact type="bd"/><speechLaugh/>
353,<f/><tc/><diact type="bf"/><nolaughter/>
354,<f/><tc/><diact type="bf"/><speechLaugh/>
355,<f/><tc/><diact type="bh"/><nolaughter/>
356,<f/><tc/><diact type="bh"/><speechLaugh/>
357,<f/><tc/><diact type="bk"/><nolaughter/>
358,<f/><tc/><diact type="bk"/><speechLaugh/>
359,<f/><tc/><diact type="br"/><nolaughter/>
360,<f/><tc/><diact type="fa"/><nolaughter/>
361,<f/><tc/><diact type="fc"/><nolaughter/>
362,<f/><tc/><diact type="fc"/><speechLaugh/>
363,<f/><tc/><diact type="fo_o_fw_"_by_bc"/><nolaughter/>
364,<f/><tc/><diact type="fo_o_fw_"_by_bc"/><speechLaugh/>
365,<f/><tc/><diact type="fp"/><nolaughter/>
366,<f/><tc/><diact type="fp"/><speechLaugh/>
367,<f/><tc/><diact type="ft"/><nolaughter/>
368,<f/><tc/><diact type="ft"/><speechLaugh/>
369,<f/><tc/><diact type="h"/><nolaughter/>
370,<f/><tc/><diact type="h"/><speechLaugh/>
371,<f/><tc/><diact type="na"/><nolaughter/>
372,<f/><tc/><diact type="na"/><speechLaugh/>
373,<f/><tc/><diact type="ng"/><nolaughter/>
374,<f/><tc/><diact type="ng"/><speechLaugh/>
375,<f/><tc/><diact type="nn"/><nolaughter/>
376,<f/><tc/><diact type="no"/><nolaughter/>
377,<f/><tc/><diact type="no"/><speechLaugh/>
378,<f/><tc/><diact type="ny"/><nolaughter/>
379,<f/><tc/><diact type="oo_co_cc"/><nolaughter/>
380,<f/><tc/><diact type="qh"/><nolaughter/>
381,<f/><tc/><diact type="qh"/><speechLaugh/>
382,<f/><tc/><diact type="qo"/><nolaughter/>
383,<f/><tc/><diact type="qrr"/><nolaughter/>
384,<f/><tc/><diact type="qrr"/><speechLaugh/>
385,<f/><tc/><diact type="qw"/><nolaughter/>
386,<f/><tc/><diact type="qw"/><speechLaugh/>
387,<f/><tc/><diact type="qw^d"/><nolaughter/>
388,<f/><tc/><diact type="qy"/><nolaughter/>
389,<f/><tc/><diact type="qy"/><speechLaugh/>
390,<f/><tc/><diact type="qy^d"/><nolaughter/>
391,<f/><tc/><diact type="qy^d"/><speechLaugh/>
392,<f/><tc/><diact type="sd"/><nolaughter/>
393,<f/><tc/><diact type="sd"/><speechLaugh/>
394,<f/><tc/><diact type="sv"/><nolaughter/>
395,<f/><tc/><diact type="sv"/><speechLaugh/>
396,<f/><tc/><diact type="t1"/><nolaughter/>
397,<f/><tc/><diact type="t3"/><nolaughter/>
398,<f/><tt/><diact type="%"/><nolaughter/>
399,<f/><tt/><diact type="%"/><speechLaugh/>
400,<f/><tt/><diact type="^2"/><nolaughter/>
401,<f/><tt/><diact type="^2"/><speechLaugh/>
402,<f/><tt/><diact type="^g"/><nolaughter/>
403,<f/><tt/><diact type="^g"/><speechLaugh/>
404,<f/><tt/><diact type="^h"/><nolaughter/>
405,<f/><tt/><diact type="^q"/><nolaughter/>
406,<f/><tt/><diact type="^q"/><speechLaugh/>
407,<f/><tt/><diact type="aa"/><nolaughter/>
408,<f/><tt/><diact type="aa"/><speechLaugh/>
409,<f/><tt/><diact type="aap_am"/><nolaughter/>
410,<f/><tt/><diact type="ad"/><nolaughter/>
411,<f/><tt/><diact type="ar"/><nolaughter/>
412,<f/><tt/><diact type="ar"/><speechLaugh/>
413,<f/><tt/><diact type="arp_nd"/><nolaughter/>
414,<f/><tt/><diact type="b"/><nolaughter/>
415,<f/><tt/><diact type="b"/><speechLaugh/>
416,<f/><tt/><diact type="b^m"/><nolaughter/>
417,<f/><tt/><diact type="b^m"/><speechLaugh/>
418,<f/><tt/><diact type="ba"/><nolaughter/>
419,<f/><tt/><diact type="ba"/><speechLaugh/>
420,<f/><tt/><diact type="bd"/><nolaughter/>
421,<f/><tt/><diact type="bf"/><nolaughter/>
422,<f/><tt/><diact type="bh"/><nolaughter/>
423,<f/><tt/><diact type="bh"/><speechLaugh/>
424,<f/><tt/><diact type="bk"/><nolaughter/>
425,<f/><tt/><diact type="bk"/><speechLaugh/>
426,<f/><tt/><diact type="br"/><nolaughter/>
427,<f/><tt/><diact type="fa"/><nolaughter/>
428,<f/><tt/><diact type="fc"/><nolaughter/>
429,<f/><tt/><diact type="fc"/><speechLaugh/>
430,<f/><tt/><diact type="fo_o_fw_"_by_bc"/><nolaughter/>
431,<f/><tt/><diact type="fo_o_fw_"_by_bc"/><speechLaugh/>
432,<f/><tt/><diact type="fp"/><nolaughter/>
433,<f/><tt/><diact type="ft"/><nolaughter/>
434,<f/><tt/><diact type="ft"/><speechLaugh/>
435,<f/><tt/><diact type="h"/><nolaughter/>
436,<f/><tt/><diact type="na"/><nolaughter/>
437,<f/><tt/><diact type="na"/><speechLaugh/>
438,<f/><tt/><diact type="ng"/><nolaughter/>
439,<f/><tt/><diact type="nn"/><nolaughter/>
440,<f/><tt/><diact type="nn"/><speechLaugh/>
441,<f/><tt/><diact type="no"/><nolaughter/>
442,<f/><tt/><diact type="no"/><speechLaugh/>
443,<f/><tt/><diact type="ny"/><nolaughter/>
444,<f/><tt/><diact type="ny"/><speechLaugh/>
445,<f/><tt/><diact type="qh"/><nolaughter/>
446,<f/><tt/><diact type="qo"/><nolaughter/>
447,<f/><tt/><diact type="qw"/><nolaughter/>
448,<f/><tt/><diact type="qy"/><nolaughter/>
449,<f/><tt/><diact type="qy"/><speechLaugh/>
450,<f/><tt/><diact type="qy^d"/><nolaughter/>
451,<f/><tt/><diact type="sd"/><nolaughter/>
452,<f/><tt/><diact type="sd"/><speechLaugh/>
453,<f/><tt/><diact type="sv"/><nolaughter/>
454,<f/><tt/><diact type="t1"/><nolaughter/>
455,<f/><tt/><diact type="t3"/><nolaughter/>
456,<laughter/>
457,<rm-1/><rpEndDel/><cc/><diact type="%"/><nolaughter/>
458,<rm-1/><rpEndDel/><cc/><diact type="^2"/><nolaughter/>
459,<rm-1/><rpEndDel/><cc/><diact type="^h"/><nolaughter/>
460,<rm-1/><rpEndDel/><cc/><diact type="^q"/><nolaughter/>
461,<rm-1/><rpEndDel/><cc/><diact type="aa"/><nolaughter/>
462,<rm-1/><rpEndDel/><cc/><diact type="aap_am"/><nolaughter/>
463,<rm-1/><rpEndDel/><cc/><diact type="ad"/><nolaughter/>
464,<rm-1/><rpEndDel/><cc/><diact type="arp_nd"/><nolaughter/>
465,<rm-1/><rpEndDel/><cc/><diact type="ba"/><nolaughter/>
466,<rm-1/><rpEndDel/><cc/><diact type="bf"/><nolaughter/>
467,<rm-1/><rpEndDel/><cc/><diact type="fc"/><nolaughter/>
468,<rm-1/><rpEndDel/><cc/><diact type="fo_o_fw_"_by_bc"/><nolaughter/>
469,<rm-1/><rpEndDel/><cc/><diact type="h"/><nolaughter/>
470,<rm-1/><rpEndDel/><cc/><diact type="na"/><nolaughter/>
471,<rm-1/><rpEndDel/><cc/><diact type="qh"/><nolaughter/>
472,<rm-1/><rpEndDel/><cc/><diact type="qo"/><nolaughter/>
473,<rm-1/><rpEndDel/><cc/><diact type="qrr"/><nolaughter/>
474,<rm-1/><rpEndDel/><cc/><diact type="qw"/><nolaughter/>
475,<rm-1/><rpEndDel/><cc/><diact type="qy"/><nolaughter/>
476,<rm-1/><rpEndDel/><cc/><diact type="qy^d"/><nolaughter/>
477,<rm-1/><rpEndDel/><cc/><diact type="sd"/><nolaughter/>
478,<rm-1/><rpEndDel/><cc/><diact type="sd"/><speechLaugh/>
479,<rm-1/><rpEndDel/><cc/><diact type="sv"/><nolaughter/>
480,<rm-1/><rpEndDel/><cc/><diact type="t1"/><nolaughter/>
481,<rm-1/><rpEndDel/><ct/><diact type="%"/><nolaughter/>
482,<rm-1/><rpEndDel/><ct/><diact type="^2"/><nolaughter/>
483,<rm-1/><rpEndDel/><ct/><diact type="aa"/><nolaughter/>
484,<rm-1/><rpEndDel/><ct/><diact type="b"/><nolaughter/>
485,<rm-1/><rpEndDel/><ct/><diact type="bk"/><nolaughter/>
486,<rm-1/><rpEndDel/><ct/><diact type="qy"/><nolaughter/>
487,<rm-1/><rpEndDel/><ct/><diact type="qy^d"/><nolaughter/>
488,<rm-1/><rpEndDel/><ct/><diact type="sd"/><nolaughter/>
489,<rm-1/><rpEndDel/><ct/><diact type="sv"/><nolaughter/>
490,<rm-1/><rpEndSub/><cc/><diact type="%"/><nolaughter/>
491,<rm-1/><rpEndSub/><cc/><diact type="^2"/><nolaughter/>
492,<rm-1/><rpEndSub/><cc/><diact type="^h"/><nolaughter/>
493,<rm-1/><rpEndSub/><cc/><diact type="^h"/><speechLaugh/>
494,<rm-1/><rpEndSub/><cc/><diact type="^q"/><nolaughter/>
495,<rm-1/><rpEndSub/><cc/><diact type="aa"/><nolaughter/>
496,<rm-1/><rpEndSub/><cc/><diact type="aa"/><speechLaugh/>
497,<rm-1/><rpEndSub/><cc/><diact type="aap_am"/><nolaughter/>
498,<rm-1/><rpEndSub/><cc/><diact type="aap_am"/><speechLaugh/>
499,<rm-1/><rpEndSub/><cc/><diact type="ad"/><nolaughter/>
500,<rm-1/><rpEndSub/><cc/><diact type="ar"/><nolaughter/>
501,<rm-1/><rpEndSub/><cc/><diact type="arp_nd"/><nolaughter/>
502,<rm-1/><rpEndSub/><cc/><diact type="b"/><nolaughter/>
503,<rm-1/><rpEndSub/><cc/><diact type="b^m"/><nolaughter/>
504,<rm-1/><rpEndSub/><cc/><diact type="ba"/><nolaughter/>
505,<rm-1/><rpEndSub/><cc/><diact type="bd"/><nolaughter/>
506,<rm-1/><rpEndSub/><cc/><diact type="bf"/><nolaughter/>
507,<rm-1/><rpEndSub/><cc/><diact type="bh"/><nolaughter/>
508,<rm-1/><rpEndSub/><cc/><diact type="bk"/><nolaughter/>
509,<rm-1/><rpEndSub/><cc/><diact type="br"/><nolaughter/>
510,<rm-1/><rpEndSub/><cc/><diact type="fc"/><nolaughter/>
511,<rm-1/><rpEndSub/><cc/><diact type="fo_o_fw_"_by_bc"/><nolaughter/>
512,<rm-1/><rpEndSub/><cc/><diact type="fp"/><nolaughter/>
513,<rm-1/><rpEndSub/><cc/><diact type="ft"/><nolaughter/>
514,<rm-1/><rpEndSub/><cc/><diact type="h"/><nolaughter/>
515,<rm-1/><rpEndSub/><cc/><diact type="na"/><nolaughter/>
516,<rm-1/><rpEndSub/><cc/><diact type="ng"/><nolaughter/>
517,<rm-1/><rpEndSub/><cc/><diact type="nn"/><nolaughter/>
518,<rm-1/><rpEndSub/><cc/><diact type="no"/><nolaughter/>
519,<rm-1/><rpEndSub/><cc/><diact type="ny"/><nolaughter/>
520,<rm-1/><rpEndSub/><cc/><diact type="oo_co_cc"/><nolaughter/>
521,<rm-1/><rpEndSub/><cc/><diact type="qh"/><nolaughter/>
522,<rm-1/><rpEndSub/><cc/><diact type="qo"/><nolaughter/>
523,<rm-1/><rpEndSub/><cc/><diact type="qrr"/><nolaughter/>
524,<rm-1/><rpEndSub/><cc/><diact type="qw"/><nolaughter/>
525,<rm-1/><rpEndSub/><cc/><diact type="qw^d"/><nolaughter/>
526,<rm-1/><rpEndSub/><cc/><diact type="qy"/><nolaughter/>
527,<rm-1/><rpEndSub/><cc/><diact type="qy^d"/><nolaughter/>
528,<rm-1/><rpEndSub/><cc/><diact type="sd"/><nolaughter/>
529,<rm-1/><rpEndSub/><cc/><diact type="sd"/><speechLaugh/>
530,<rm-1/><rpEndSub/><cc/><diact type="sv"/><nolaughter/>
531,<rm-1/><rpEndSub/><cc/><diact type="sv"/><speechLaugh/>
532,<rm-1/><rpEndSub/><cc/><diact type="t1"/><nolaughter/>
533,<rm-1/><rpEndSub/><cc/><diact type="t3"/><nolaughter/>
534,<rm-1/><rpEndSub/><ct/><diact type="%"/><nolaughter/>
535,<rm-1/><rpEndSub/><ct/><diact type="^2"/><nolaughter/>
536,<rm-1/><rpEndSub/><ct/><diact type="^h"/><nolaughter/>
537,<rm-1/><rpEndSub/><ct/><diact type="aa"/><nolaughter/>
538,<rm-1/><rpEndSub/><ct/><diact type="ad"/><nolaughter/>
539,<rm-1/><rpEndSub/><ct/><diact type="ar"/><nolaughter/>
540,<rm-1/><rpEndSub/><ct/><diact type="b"/><nolaughter/>
541,<rm-1/><rpEndSub/><ct/><diact type="b^m"/><nolaughter/>
542,<rm-1/><rpEndSub/><ct/><diact type="ba"/><nolaughter/>
543,<rm-1/><rpEndSub/><ct/><diact type="bk"/><nolaughter/>
544,<rm-1/><rpEndSub/><ct/><diact type="fc"/><nolaughter/>
545,<rm-1/><rpEndSub/><ct/><diact type="fo_o_fw_"_by_bc"/><nolaughter/>
546,<rm-1/><rpEndSub/><ct/><diact type="h"/><nolaughter/>
547,<rm-1/><rpEndSub/><ct/><diact type="na"/><nolaughter/>
548,<rm-1/><rpEndSub/><ct/><diact type="nn"/><nolaughter/>
549,<rm-1/><rpEndSub/><ct/><diact type="ny"/><nolaughter/>
550,<rm-1/><rpEndSub/><ct/><diact type="qh"/><nolaughter/>
551,<rm-1/><rpEndSub/><ct/><diact type="qrr"/><nolaughter/>
552,<rm-1/><rpEndSub/><ct/><diact type="qw"/><nolaughter/>
553,<rm-1/><rpEndSub/><ct/><diact type="qw^d"/><nolaughter/>
554,<rm-1/><rpEndSub/><ct/><diact type="qy"/><nolaughter/>
555,<rm-1/><rpEndSub/><ct/><diact type="qy^d"/><nolaughter/>
556,<rm-1/><rpEndSub/><ct/><diact type="sd"/><nolaughter/>
557,<rm-1/><rpEndSub/><ct/><diact type="sv"/><nolaughter/>
558,<rm-1/><rpMid/><cc/><diact type="%"/><nolaughter/>
559,<rm-1/><rpMid/><cc/><diact type="^2"/><nolaughter/>
560,<rm-1/><rpMid/><cc/><diact type="^h"/><nolaughter/>
561,<rm-1/><rpMid/><cc/><diact type="^q"/><nolaughter/>
562,<rm-1/><rpMid/><cc/><diact type="aa"/><nolaughter/>
563,<rm-1/><rpMid/><cc/><diact type="aap_am"/><nolaughter/>
564,<rm-1/><rpMid/><cc/><diact type="ad"/><nolaughter/>
565,<rm-1/><rpMid/><cc/><diact type="ar"/><nolaughter/>
566,<rm-1/><rpMid/><cc/><diact type="arp_nd"/><nolaughter/>
567,<rm-1/><rpMid/><cc/><diact type="b"/><nolaughter/>
568,<rm-1/><rpMid/><cc/><diact type="ba"/><nolaughter/>
569,<rm-1/><rpMid/><cc/><diact type="bf"/><nolaughter/>
570,<rm-1/><rpMid/><cc/><diact type="bh"/><nolaughter/>
571,<rm-1/><rpMid/><cc/><diact type="fa"/><nolaughter/>
572,<rm-1/><rpMid/><cc/><diact type="fc"/><nolaughter/>
573,<rm-1/><rpMid/><cc/><diact type="fo_o_fw_"_by_bc"/><nolaughter/>
574,<rm-1/><rpMid/><cc/><diact type="fp"/><nolaughter/>
575,<rm-1/><rpMid/><cc/><diact type="h"/><nolaughter/>
576,<rm-1/><rpMid/><cc/><diact type="na"/><nolaughter/>
577,<rm-1/><rpMid/><cc/><diact type="ng"/><nolaughter/>
578,<rm-1/><rpMid/><cc/><diact type="no"/><nolaughter/>
579,<rm-1/><rpMid/><cc/><diact type="qh"/><nolaughter/>
580,<rm-1/><rpMid/><cc/><diact type="qo"/><nolaughter/>
581,<rm-1/><rpMid/><cc/><diact type="qw"/><nolaughter/>
582,<rm-1/><rpMid/><cc/><diact type="qw^d"/><nolaughter/>
583,<rm-1/><rpMid/><cc/><diact type="qy"/><nolaughter/>
584,<rm-1/><rpMid/><cc/><diact type="qy^d"/><nolaughter/>
585,<rm-1/><rpMid/><cc/><diact type="sd"/><nolaughter/>
586,<rm-1/><rpMid/><cc/><diact type="sv"/><nolaughter/>
587,<rm-2/><rpEndDel/><cc/><diact type="%"/><nolaughter/>
588,<rm-2/><rpEndDel/><cc/><diact type="^q"/><nolaughter/>
589,<rm-2/><rpEndDel/><cc/><diact type="ad"/><nolaughter/>
590,<rm-2/><rpEndDel/><cc/><diact type="ba"/><nolaughter/>
591,<rm-2/><rpEndDel/><cc/><diact type="bf"/><nolaughter/>
592,<rm-2/><rpEndDel/><cc/><diact type="fc"/><nolaughter/>
593,<rm-2/><rpEndDel/><cc/><diact type="fo_o_fw_"_by_bc"/><nolaughter/>
594,<rm-2/><rpEndDel/><cc/><diact type="na"/><nolaughter/>
595,<rm-2/><rpEndDel/><cc/><diact type="ng"/><nolaughter/>
596,<rm-2/><rpEndDel/><cc/><diact type="qw"/><nolaughter/>
597,<rm-2/><rpEndDel/><cc/><diact type="qw^d"/><nolaughter/>
598,<rm-2/><rpEndDel/><cc/><diact type="qy"/><nolaughter/>
599,<rm-2/><rpEndDel/><cc/><diact type="sd"/><nolaughter/>
600,<rm-2/><rpEndDel/><cc/><diact type="sd"/><speechLaugh/>
601,<rm-2/><rpEndDel/><cc/><diact type="sv"/><nolaughter/>
602,<rm-2/><rpEndDel/><ct/><diact type="%"/><nolaughter/>
603,<rm-2/><rpEndDel/><ct/><diact type="b"/><nolaughter/>
604,<rm-2/><rpEndDel/><ct/><diact type="bh"/><nolaughter/>
605,<rm-2/><rpEndDel/><ct/><diact type="qy^d"/><nolaughter/>
606,<rm-2/><rpEndDel/><ct/><diact type="sd"/><nolaughter/>
607,<rm-2/><rpEndDel/><ct/><diact type="sv"/><nolaughter/>
608,<rm-2/><rpEndSub/><cc/><diact type="%"/><nolaughter/>
609,<rm-2/><rpEndSub/><cc/><diact type="^2"/><nolaughter/>
610,<rm-2/><rpEndSub/><cc/><diact type="^h"/><nolaughter/>
611,<rm-2/><rpEndSub/><cc/><diact type="^q"/><nolaughter/>
612,<rm-2/><rpEndSub/><cc/><diact type="aa"/><nolaughter/>
613,<rm-2/><rpEndSub/><cc/><diact type="aap_am"/><nolaughter/>
614,<rm-2/><rpEndSub/><cc/><diact type="ad"/><nolaughter/>
615,<rm-2/><rpEndSub/><cc/><diact type="ar"/><nolaughter/>
616,<rm-2/><rpEndSub/><cc/><diact type="arp_nd"/><nolaughter/>
617,<rm-2/><rpEndSub/><cc/><diact type="ba"/><nolaughter/>
618,<rm-2/><rpEndSub/><cc/><diact type="bd"/><nolaughter/>
619,<rm-2/><rpEndSub/><cc/><diact type="bf"/><nolaughter/>
620,<rm-2/><rpEndSub/><cc/><diact type="bk"/><nolaughter/>
621,<rm-2/><rpEndSub/><cc/><diact type="br"/><nolaughter/>
622,<rm-2/><rpEndSub/><cc/><diact type="fc"/><nolaughter/>
623,<rm-2/><rpEndSub/><cc/><diact type="fo_o_fw_"_by_bc"/><nolaughter/>
624,<rm-2/><rpEndSub/><cc/><diact type="h"/><nolaughter/>
625,<rm-2/><rpEndSub/><cc/><diact type="na"/><nolaughter/>
626,<rm-2/><rpEndSub/><cc/><diact type="ng"/><nolaughter/>
627,<rm-2/><rpEndSub/><cc/><diact type="nn"/><nolaughter/>
628,<rm-2/><rpEndSub/><cc/><diact type="no"/><nolaughter/>
629,<rm-2/><rpEndSub/><cc/><diact type="oo_co_cc"/><nolaughter/>
630,<rm-2/><rpEndSub/><cc/><diact type="qh"/><nolaughter/>
631,<rm-2/><rpEndSub/><cc/><diact type="qo"/><nolaughter/>
632,<rm-2/><rpEndSub/><cc/><diact type="qrr"/><nolaughter/>
633,<rm-2/><rpEndSub/><cc/><diact type="qw"/><nolaughter/>
634,<rm-2/><rpEndSub/><cc/><diact type="qw^d"/><nolaughter/>
635,<rm-2/><rpEndSub/><cc/><diact type="qy"/><nolaughter/>
636,<rm-2/><rpEndSub/><cc/><diact type="qy^d"/><nolaughter/>
637,<rm-2/><rpEndSub/><cc/><diact type="sd"/><nolaughter/>
638,<rm-2/><rpEndSub/><cc/><diact type="sd"/><speechLaugh/>
639,<rm-2/><rpEndSub/><cc/><diact type="sv"/><nolaughter/>
640,<rm-2/><rpEndSub/><ct/><diact type="%"/><nolaughter/>
641,<rm-2/><rpEndSub/><ct/><diact type="%"/><speechLaugh/>
642,<rm-2/><rpEndSub/><ct/><diact type="^q"/><nolaughter/>
643,<rm-2/><rpEndSub/><ct/><diact type="aa"/><nolaughter/>
644,<rm-2/><rpEndSub/><ct/><diact type="ar"/><nolaughter/>
645,<rm-2/><rpEndSub/><ct/><diact type="b"/><nolaughter/>
646,<rm-2/><rpEndSub/><ct/><diact type="ba"/><nolaughter/>
647,<rm-2/><rpEndSub/><ct/><diact type="na"/><nolaughter/>
648,<rm-2/><rpEndSub/><ct/><diact type="qw"/><nolaughter/>
649,<rm-2/><rpEndSub/><ct/><diact type="qw^d"/><nolaughter/>
650,<rm-2/><rpEndSub/><ct/><diact type="sd"/><nolaughter/>
651,<rm-2/><rpEndSub/><ct/><diact type="sv"/><nolaughter/>
652,<rm-2/><rpMid/><cc/><diact type="%"/><nolaughter/>
653,<rm-2/><rpMid/><cc/><diact type="^2"/><nolaughter/>
654,<rm-2/><rpMid/><cc/><diact type="^h"/><nolaughter/>
655,<rm-2/><rpMid/><cc/><diact type="^q"/><nolaughter/>
656,<rm-2/><rpMid/><cc/><diact type="aa"/><nolaughter/>
657,<rm-2/><rpMid/><cc/><diact type="aap_am"/><nolaughter/>
658,<rm-2/><rpMid/><cc/><diact type="ad"/><nolaughter/>
659,<rm-2/><rpMid/><cc/><diact type="ar"/><nolaughter/>
660,<rm-2/><rpMid/><cc/><diact type="arp_nd"/><nolaughter/>
661,<rm-2/><rpMid/><cc/><diact type="b"/><nolaughter/>
662,<rm-2/><rpMid/><cc/><diact type="b^m"/><nolaughter/>
663,<rm-2/><rpMid/><cc/><diact type="ba"/><nolaughter/>
664,<rm-2/><rpMid/><cc/><diact type="bd"/><nolaughter/>
665,<rm-2/><rpMid/><cc/><diact type="bf"/><nolaughter/>
666,<rm-2/><rpMid/><cc/><diact type="bh"/><nolaughter/>
667,<rm-2/><rpMid/><cc/><diact type="bk"/><nolaughter/>
668,<rm-2/><rpMid/><cc/><diact type="br"/><nolaughter/>
669,<rm-2/><rpMid/><cc/><diact type="fa"/><nolaughter/>
670,<rm-2/><rpMid/><cc/><diact type="fc"/><nolaughter/>
671,<rm-2/><rpMid/><cc/><diact type="fo_o_fw_"_by_bc"/><nolaughter/>
672,<rm-2/><rpMid/><cc/><diact type="h"/><nolaughter/>
673,<rm-2/><rpMid/><cc/><diact type="na"/><nolaughter/>
674,<rm-2/><rpMid/><cc/><diact type="ng"/><nolaughter/>
675,<rm-2/><rpMid/><cc/><diact type="no"/><nolaughter/>
676,<rm-2/><rpMid/><cc/><diact type="oo_co_cc"/><nolaughter/>
677,<rm-2/><rpMid/><cc/><diact type="qh"/><nolaughter/>
678,<rm-2/><rpMid/><cc/><diact type="qh"/><speechLaugh/>
679,<rm-2/><rpMid/><cc/><diact type="qo"/><nolaughter/>
680,<rm-2/><rpMid/><cc/><diact type="qrr"/><nolaughter/>
681,<rm-2/><rpMid/><cc/><diact type="qw"/><nolaughter/>
682,<rm-2/><rpMid/><cc/><diact type="qw^d"/><nolaughter/>
683,<rm-2/><rpMid/><cc/><diact type="qy"/><nolaughter/>
684,<rm-2/><rpMid/><cc/><diact type="qy^d"/><nolaughter/>
685,<rm-2/><rpMid/><cc/><diact type="sd"/><nolaughter/>
686,<rm-2/><rpMid/><cc/><diact type="sd"/><speechLaugh/>
687,<rm-2/><rpMid/><cc/><diact type="sv"/><nolaughter/>
688,<rm-2/><rpMid/><cc/><diact type="sv"/><speechLaugh/>
689,<rm-2/><rpMid/><cc/><diact type="t1"/><nolaughter/>
690,<rm-2/><rpMid/><cc/><diact type="t3"/><nolaughter/>
691,<rm-3/><rpEndDel/><cc/><diact type="%"/><nolaughter/>
692,<rm-3/><rpEndDel/><cc/><diact type="^q"/><nolaughter/>
693,<rm-3/><rpEndDel/><cc/><diact type="aa"/><nolaughter/>
694,<rm-3/><rpEndDel/><cc/><diact type="ad"/><nolaughter/>
695,<rm-3/><rpEndDel/><cc/><diact type="bf"/><nolaughter/>
696,<rm-3/><rpEndDel/><cc/><diact type="br"/><nolaughter/>
697,<rm-3/><rpEndDel/><cc/><diact type="na"/><nolaughter/>
698,<rm-3/><rpEndDel/><cc/><diact type="qh"/><nolaughter/>
699,<rm-3/><rpEndDel/><cc/><diact type="qw"/><nolaughter/>
700,<rm-3/><rpEndDel/><cc/><diact type="qy"/><nolaughter/>
701,<rm-3/><rpEndDel/><cc/><diact type="qy^d"/><nolaughter/>
702,<rm-3/><rpEndDel/><cc/><diact type="sd"/><nolaughter/>
703,<rm-3/><rpEndDel/><cc/><diact type="sd"/><speechLaugh/>
704,<rm-3/><rpEndDel/><cc/><diact type="sv"/><nolaughter/>
705,<rm-3/><rpEndDel/><ct/><diact type="%"/><nolaughter/>
706,<rm-3/><rpEndDel/><ct/><diact type="sd"/><nolaughter/>
707,<rm-3/><rpEndSub/><cc/><diact type="%"/><nolaughter/>
708,<rm-3/><rpEndSub/><cc/><diact type="^h"/><nolaughter/>
709,<rm-3/><rpEndSub/><cc/><diact type="^q"/><nolaughter/>
710,<rm-3/><rpEndSub/><cc/><diact type="aa"/><nolaughter/>
711,<rm-3/><rpEndSub/><cc/><diact type="ad"/><nolaughter/>
712,<rm-3/><rpEndSub/><cc/><diact type="ar"/><nolaughter/>
713,<rm-3/><rpEndSub/><cc/><diact type="arp_nd"/><nolaughter/>
714,<rm-3/><rpEndSub/><cc/><diact type="ba"/><nolaughter/>
715,<rm-3/><rpEndSub/><cc/><diact type="bf"/><nolaughter/>
716,<rm-3/><rpEndSub/><cc/><diact type="fc"/><nolaughter/>
717,<rm-3/><rpEndSub/><cc/><diact type="fo_o_fw_"_by_bc"/><nolaughter/>
718,<rm-3/><rpEndSub/><cc/><diact type="h"/><nolaughter/>
719,<rm-3/><rpEndSub/><cc/><diact type="na"/><nolaughter/>
720,<rm-3/><rpEndSub/><cc/><diact type="ng"/><nolaughter/>
721,<rm-3/><rpEndSub/><cc/><diact type="no"/><nolaughter/>
722,<rm-3/><rpEndSub/><cc/><diact type="qh"/><nolaughter/>
723,<rm-3/><rpEndSub/><cc/><diact type="qo"/><nolaughter/>
724,<rm-3/><rpEndSub/><cc/><diact type="qrr"/><nolaughter/>
725,<rm-3/><rpEndSub/><cc/><diact type="qw"/><nolaughter/>
726,<rm-3/><rpEndSub/><cc/><diact type="qy"/><nolaughter/>
727,<rm-3/><rpEndSub/><cc/><diact type="qy^d"/><nolaughter/>
728,<rm-3/><rpEndSub/><cc/><diact type="sd"/><nolaughter/>
729,<rm-3/><rpEndSub/><cc/><diact type="sd"/><speechLaugh/>
730,<rm-3/><rpEndSub/><cc/><diact type="sv"/><nolaughter/>
731,<rm-3/><rpEndSub/><cc/><diact type="sv"/><speechLaugh/>
732,<rm-3/><rpEndSub/><cc/><diact type="t1"/><nolaughter/>
733,<rm-3/><rpEndSub/><ct/><diact type="%"/><nolaughter/>
734,<rm-3/><rpEndSub/><ct/><diact type="nn"/><nolaughter/>
735,<rm-3/><rpEndSub/><ct/><diact type="sd"/><nolaughter/>
736,<rm-3/><rpEndSub/><ct/><diact type="sv"/><nolaughter/>
737,<rm-3/><rpMid/><cc/><diact type="%"/><nolaughter/>
738,<rm-3/><rpMid/><cc/><diact type="%"/><speechLaugh/>
739,<rm-3/><rpMid/><cc/><diact type="^2"/><nolaughter/>
740,<rm-3/><rpMid/><cc/><diact type="^q"/><nolaughter/>
741,<rm-3/><rpMid/><cc/><diact type="aa"/><nolaughter/>
742,<rm-3/><rpMid/><cc/><diact type="aap_am"/><nolaughter/>
743,<rm-3/><rpMid/><cc/><diact type="ad"/><nolaughter/>
744,<rm-3/><rpMid/><cc/><diact type="ar"/><nolaughter/>
745,<rm-3/><rpMid/><cc/><diact type="arp_nd"/><nolaughter/>
746,<rm-3/><rpMid/><cc/><diact type="b"/><nolaughter/>
747,<rm-3/><rpMid/><cc/><diact type="b^m"/><nolaughter/>
748,<rm-3/><rpMid/><cc/><diact type="ba"/><nolaughter/>
749,<rm-3/><rpMid/><cc/><diact type="bd"/><nolaughter/>
750,<rm-3/><rpMid/><cc/><diact type="bf"/><nolaughter/>
751,<rm-3/><rpMid/><cc/><diact type="br"/><nolaughter/>
752,<rm-3/><rpMid/><cc/><diact type="fc"/><nolaughter/>
753,<rm-3/><rpMid/><cc/><diact type="fo_o_fw_"_by_bc"/><nolaughter/>
754,<rm-3/><rpMid/><cc/><diact type="h"/><nolaughter/>
755,<rm-3/><rpMid/><cc/><diact type="na"/><nolaughter/>
756,<rm-3/><rpMid/><cc/><diact type="ng"/><nolaughter/>
757,<rm-3/><rpMid/><cc/><diact type="no"/><nolaughter/>
758,<rm-3/><rpMid/><cc/><diact type="oo_co_cc"/><nolaughter/>
759,<rm-3/><rpMid/><cc/><diact type="qh"/><nolaughter/>
760,<rm-3/><rpMid/><cc/><diact type="qo"/><nolaughter/>
761,<rm-3/><rpMid/><cc/><diact type="qrr"/><nolaughter/>
762,<rm-3/><rpMid/><cc/><diact type="qw"/><nolaughter/>
763,<rm-3/><rpMid/><cc/><diact type="qw^d"/><nolaughter/>
764,<rm-3/><rpMid/><cc/><diact type="qy"/><nolaughter/>
765,<rm-3/><rpMid/><cc/><diact type="qy^d"/><nolaughter/>
766,<rm-3/><rpMid/><cc/><diact type="sd"/><nolaughter/>
767,<rm-3/><rpMid/><cc/><diact type="sd"/><speechLaugh/>
768,<rm-3/><rpMid/><cc/><diact type="sv"/><nolaughter/>
769,<rm-3/><rpMid/><cc/><diact type="sv"/><speechLaugh/>
770,<rm-3/><rpMid/><cc/><diact type="t1"/><nolaughter/>
771,<rm-4/><rpEndDel/><cc/><diact type="%"/><nolaughter/>
772,<rm-4/><rpEndDel/><cc/><diact type="qh"/><nolaughter/>
773,<rm-4/><rpEndDel/><cc/><diact type="qrr"/><nolaughter/>
774,<rm-4/><rpEndDel/><cc/><diact type="qw"/><nolaughter/>
775,<rm-4/><rpEndDel/><cc/><diact type="qy"/><nolaughter/>
776,<rm-4/><rpEndDel/><cc/><diact type="sd"/><nolaughter/>
777,<rm-4/><rpEndDel/><cc/><diact type="sv"/><nolaughter/>
778,<rm-4/><rpEndDel/><ct/><diact type="%"/><nolaughter/>
779,<rm-4/><rpEndDel/><ct/><diact type="sv"/><nolaughter/>
780,<rm-4/><rpEndSub/><cc/><diact type="%"/><nolaughter/>
781,<rm-4/><rpEndSub/><cc/><diact type="^h"/><nolaughter/>
782,<rm-4/><rpEndSub/><cc/><diact type="aa"/><nolaughter/>
783,<rm-4/><rpEndSub/><cc/><diact type="ar"/><nolaughter/>
784,<rm-4/><rpEndSub/><cc/><diact type="bf"/><nolaughter/>
785,<rm-4/><rpEndSub/><cc/><diact type="h"/><nolaughter/>
786,<rm-4/><rpEndSub/><cc/><diact type="h"/><speechLaugh/>
787,<rm-4/><rpEndSub/><cc/><diact type="na"/><nolaughter/>
788,<rm-4/><rpEndSub/><cc/><diact type="no"/><nolaughter/>
789,<rm-4/><rpEndSub/><cc/><diact type="qh"/><nolaughter/>
790,<rm-4/><rpEndSub/><cc/><diact type="qw"/><nolaughter/>
791,<rm-4/><rpEndSub/><cc/><diact type="qy"/><nolaughter/>
792,<rm-4/><rpEndSub/><cc/><diact type="qy^d"/><nolaughter/>
793,<rm-4/><rpEndSub/><cc/><diact type="sd"/><nolaughter/>
794,<rm-4/><rpEndSub/><cc/><diact type="sv"/><nolaughter/>
795,<rm-4/><rpEndSub/><ct/><diact type="%"/><nolaughter/>
796,<rm-4/><rpEndSub/><ct/><diact type="sd"/><nolaughter/>
797,<rm-4/><rpEndSub/><ct/><diact type="sv"/><nolaughter/>
798,<rm-4/><rpMid/><cc/><diact type="%"/><nolaughter/>
799,<rm-4/><rpMid/><cc/><diact type="^2"/><nolaughter/>
800,<rm-4/><rpMid/><cc/><diact type="^h"/><nolaughter/>
801,<rm-4/><rpMid/><cc/><diact type="^q"/><nolaughter/>
802,<rm-4/><rpMid/><cc/><diact type="aa"/><nolaughter/>
803,<rm-4/><rpMid/><cc/><diact type="aap_am"/><nolaughter/>
804,<rm-4/><rpMid/><cc/><diact type="ar"/><nolaughter/>
805,<rm-4/><rpMid/><cc/><diact type="arp_nd"/><nolaughter/>
806,<rm-4/><rpMid/><cc/><diact type="ba"/><nolaughter/>
807,<rm-4/><rpMid/><cc/><diact type="bf"/><nolaughter/>
808,<rm-4/><rpMid/><cc/><diact type="fc"/><nolaughter/>
809,<rm-4/><rpMid/><cc/><diact type="h"/><nolaughter/>
810,<rm-4/><rpMid/><cc/><diact type="na"/><nolaughter/>
811,<rm-4/><rpMid/><cc/><diact type="ng"/><nolaughter/>
812,<rm-4/><rpMid/><cc/><diact type="no"/><nolaughter/>
813,<rm-4/><rpMid/><cc/><diact type="qh"/><nolaughter/>
814,<rm-4/><rpMid/><cc/><diact type="qo"/><nolaughter/>
815,<rm-4/><rpMid/><cc/><diact type="qw"/><nolaughter/>
816,<rm-4/><rpMid/><cc/><diact type="qw^d"/><nolaughter/>
817,<rm-4/><rpMid/><cc/><diact type="qy"/><nolaughter/>
818,<rm-4/><rpMid/><cc/><diact type="qy^d"/><nolaughter/>
819,<rm-4/><rpMid/><cc/><diact type="sd"/><nolaughter/>
820,<rm-4/><rpMid/><cc/><diact type="sd"/><speechLaugh/>
821,<rm-4/><rpMid/><cc/><diact type="sv"/><nolaughter/>
822,<rm-4/><rpMid/><cc/><diact type="sv"/><speechLaugh/>
823,<rm-4/><rpMid/><cc/><diact type="t1"/><nolaughter/>
824,<rm-5/><rpEndDel/><cc/><diact type="%"/><nolaughter/>
825,<rm-5/><rpEndDel/><cc/><diact type="qw"/><nolaughter/>
826,<rm-5/><rpEndDel/><cc/><diact type="qy"/><nolaughter/>
827,<rm-5/><rpEndDel/><cc/><diact type="sd"/><nolaughter/>
828,<rm-5/><rpEndDel/><cc/><diact type="sv"/><nolaughter/>
829,<rm-5/><rpEndDel/><ct/><diact type="%"/><nolaughter/>
830,<rm-5/><rpEndSub/><cc/><diact type="%"/><nolaughter/>
831,<rm-5/><rpEndSub/><cc/><diact type="aa"/><nolaughter/>
832,<rm-5/><rpEndSub/><cc/><diact type="ar"/><nolaughter/>
833,<rm-5/><rpEndSub/><cc/><diact type="h"/><nolaughter/>
834,<rm-5/><rpEndSub/><cc/><diact type="na"/><nolaughter/>
835,<rm-5/><rpEndSub/><cc/><diact type="qw"/><nolaughter/>
836,<rm-5/><rpEndSub/><cc/><diact type="qy"/><nolaughter/>
837,<rm-5/><rpEndSub/><cc/><diact type="qy^d"/><nolaughter/>
838,<rm-5/><rpEndSub/><cc/><diact type="sd"/><nolaughter/>
839,<rm-5/><rpEndSub/><cc/><diact type="sd"/><speechLaugh/>
840,<rm-5/><rpEndSub/><cc/><diact type="sv"/><nolaughter/>
841,<rm-5/><rpEndSub/><ct/><diact type="%"/><nolaughter/>
842,<rm-5/><rpEndSub/><ct/><diact type="sd"/><nolaughter/>
843,<rm-5/><rpEndSub/><ct/><diact type="sv"/><nolaughter/>
844,<rm-5/><rpMid/><cc/><diact type="%"/><nolaughter/>
845,<rm-5/><rpMid/><cc/><diact type="^q"/><nolaughter/>
846,<rm-5/><rpMid/><cc/><diact type="aa"/><nolaughter/>
847,<rm-5/><rpMid/><cc/><diact type="aap_am"/><nolaughter/>
848,<rm-5/><rpMid/><cc/><diact type="ad"/><nolaughter/>
849,<rm-5/><rpMid/><cc/><diact type="ba"/><nolaughter/>
850,<rm-5/><rpMid/><cc/><diact type="bf"/><nolaughter/>
851,<rm-5/><rpMid/><cc/><diact type="fc"/><nolaughter/>
852,<rm-5/><rpMid/><cc/><diact type="ng"/><nolaughter/>
853,<rm-5/><rpMid/><cc/><diact type="no"/><nolaughter/>
854,<rm-5/><rpMid/><cc/><diact type="qh"/><nolaughter/>
855,<rm-5/><rpMid/><cc/><diact type="qo"/><nolaughter/>
856,<rm-5/><rpMid/><cc/><diact type="qw"/><nolaughter/>
857,<rm-5/><rpMid/><cc/><diact type="qy"/><nolaughter/>
858,<rm-5/><rpMid/><cc/><diact type="qy^d"/><nolaughter/>
859,<rm-5/><rpMid/><cc/><diact type="sd"/><nolaughter/>
860,<rm-5/><rpMid/><cc/><diact type="sv"/><nolaughter/>
861,<rm-5/><rpMid/><cc/><diact type="sv"/><speechLaugh/>
862,<rm-6/><rpEndDel/><cc/><diact type="qy"/><nolaughter/>
863,<rm-6/><rpEndDel/><cc/><diact type="sd"/><nolaughter/>
864,<rm-6/><rpEndDel/><cc/><diact type="sv"/><nolaughter/>
865,<rm-6/><rpEndDel/><ct/><diact type="sv"/><nolaughter/>
866,<rm-6/><rpEndSub/><cc/><diact type="^q"/><nolaughter/>
867,<rm-6/><rpEndSub/><cc/><diact type="aa"/><nolaughter/>
868,<rm-6/><rpEndSub/><cc/><diact type="na"/><nolaughter/>
869,<rm-6/><rpEndSub/><cc/><diact type="qh"/><nolaughter/>
870,<rm-6/><rpEndSub/><cc/><diact type="sd"/><nolaughter/>
871,<rm-6/><rpEndSub/><cc/><diact type="sv"/><nolaughter/>
872,<rm-6/><rpMid/><cc/><diact type="%"/><nolaughter/>
873,<rm-6/><rpMid/><cc/><diact type="ad"/><nolaughter/>
874,<rm-6/><rpMid/><cc/><diact type="ba"/><nolaughter/>
875,<rm-6/><rpMid/><cc/><diact type="bf"/><nolaughter/>
876,<rm-6/><rpMid/><cc/><diact type="h"/><nolaughter/>
877,<rm-6/><rpMid/><cc/><diact type="no"/><nolaughter/>
878,<rm-6/><rpMid/><cc/><diact type="qo"/><nolaughter/>
879,<rm-6/><rpMid/><cc/><diact type="qw"/><nolaughter/>
880,<rm-6/><rpMid/><cc/><diact type="qy"/><nolaughter/>
881,<rm-6/><rpMid/><cc/><diact type="qy^d"/><nolaughter/>
882,<rm-6/><rpMid/><cc/><diact type="sd"/><nolaughter/>
883,<rm-6/><rpMid/><cc/><diact type="sd"/><speechLaugh/>
884,<rm-6/><rpMid/><cc/><diact type="sv"/><nolaughter/>
885,<rm-7/><rpEndDel/><cc/><diact type="qh"/><nolaughter/>
886,<rm-7/><rpEndDel/><cc/><diact type="sd"/><nolaughter/>
887,<rm-7/><rpEndDel/><cc/><diact type="sv"/><nolaughter/>
888,<rm-7/><rpEndDel/><ct/><diact type="sd"/><nolaughter/>
889,<rm-7/><rpEndSub/><cc/><diact type="sd"/><nolaughter/>
890,<rm-7/><rpEndSub/><cc/><diact type="sv"/><nolaughter/>
891,<rm-7/><rpEndSub/><ct/><diact type="qy"/><nolaughter/>
892,<rm-7/><rpMid/><cc/><diact type="^q"/><nolaughter/>
893,<rm-7/><rpMid/><cc/><diact type="ad"/><nolaughter/>
894,<rm-7/><rpMid/><cc/><diact type="fc"/><nolaughter/>
895,<rm-7/><rpMid/><cc/><diact type="na"/><nolaughter/>
896,<rm-7/><rpMid/><cc/><diact type="no"/><nolaughter/>
897,<rm-7/><rpMid/><cc/><diact type="qh"/><nolaughter/>
898,<rm-7/><rpMid/><cc/><diact type="qw"/><nolaughter/>
899,<rm-7/><rpMid/><cc/><diact type="qw^d"/><nolaughter/>
900,<rm-7/><rpMid/><cc/><diact type="qy"/><nolaughter/>
901,<rm-7/><rpMid/><cc/><diact type="sd"/><nolaughter/>
902,<rm-7/><rpMid/><cc/><diact type="sv"/><nolaughter/>
903,<rm-7/><rpMid/><cc/><diact type="sv"/><speechLaugh/>
904,<rm-8/><rpEndDel/><cc/><diact type="sd"/><nolaughter/>
905,<rm-8/><rpEndDel/><cc/><diact type="sv"/><nolaughter/>
906,<rm-8/><rpEndDel/><ct/><diact type="sd"/><nolaughter/>
907,<rm-8/><rpEndSub/><cc/><diact type="na"/><nolaughter/>
908,<rm-8/><rpEndSub/><cc/><diact type="qy^d"/><nolaughter/>
909,<rm-8/><rpEndSub/><cc/><diact type="sd"/><nolaughter/>
910,<rm-8/><rpEndSub/><cc/><diact type="sv"/><nolaughter/>
911,<rm-8/><rpMid/><cc/><diact type="%"/><nolaughter/>
912,<rm-8/><rpMid/><cc/><diact type="^h"/><nolaughter/>
913,<rm-8/><rpMid/><cc/><diact type="ad"/><nolaughter/>
914,<rm-8/><rpMid/><cc/><diact type="qh"/><nolaughter/>
915,<rm-8/><rpMid/><cc/><diact type="qw"/><nolaughter/>
916,<rm-8/><rpMid/><cc/><diact type="qy"/><nolaughter/>
917,<rm-8/><rpMid/><cc/><diact type="sd"/><nolaughter/>
918,<rm-8/><rpMid/><cc/><diact type="sv"/><nolaughter/>
919,<rpEndSub/><cc/><diact type="%"/><nolaughter/>
920,<rpEndSub/><cc/><diact type="^2"/><nolaughter/>
921,<rpEndSub/><cc/><diact type="^h"/><nolaughter/>
922,<rpEndSub/><cc/><diact type="^q"/><nolaughter/>
923,<rpEndSub/><cc/><diact type="aa"/><nolaughter/>
924,<rpEndSub/><cc/><diact type="aap_am"/><nolaughter/>
925,<rpEndSub/><cc/><diact type="ad"/><nolaughter/>
926,<rpEndSub/><cc/><diact type="ar"/><nolaughter/>
927,<rpEndSub/><cc/><diact type="arp_nd"/><nolaughter/>
928,<rpEndSub/><cc/><diact type="b"/><nolaughter/>
929,<rpEndSub/><cc/><diact type="b^m"/><nolaughter/>
930,<rpEndSub/><cc/><diact type="ba"/><nolaughter/>
931,<rpEndSub/><cc/><diact type="bd"/><nolaughter/>
932,<rpEndSub/><cc/><diact type="bf"/><nolaughter/>
933,<rpEndSub/><cc/><diact type="bh"/><nolaughter/>
934,<rpEndSub/><cc/><diact type="bk"/><nolaughter/>
935,<rpEndSub/><cc/><diact type="br"/><nolaughter/>
936,<rpEndSub/><cc/><diact type="fa"/><nolaughter/>
937,<rpEndSub/><cc/><diact type="fc"/><nolaughter/>
938,<rpEndSub/><cc/><diact type="fo_o_fw_"_by_bc"/><nolaughter/>
939,<rpEndSub/><cc/><diact type="fp"/><nolaughter/>
940,<rpEndSub/><cc/><diact type="h"/><nolaughter/>
941,<rpEndSub/><cc/><diact type="na"/><nolaughter/>
942,<rpEndSub/><cc/><diact type="ng"/><nolaughter/>
943,<rpEndSub/><cc/><diact type="no"/><nolaughter/>
944,<rpEndSub/><cc/><diact type="oo_co_cc"/><nolaughter/>
945,<rpEndSub/><cc/><diact type="qh"/><nolaughter/>
946,<rpEndSub/><cc/><diact type="qh"/><speechLaugh/>
947,<rpEndSub/><cc/><diact type="qo"/><nolaughter/>
948,<rpEndSub/><cc/><diact type="qrr"/><nolaughter/>
949,<rpEndSub/><cc/><diact type="qw"/><nolaughter/>
950,<rpEndSub/><cc/><diact type="qw^d"/><nolaughter/>
951,<rpEndSub/><cc/><diact type="qy"/><nolaughter/>
952,<rpEndSub/><cc/><diact type="qy^d"/><nolaughter/>
953,<rpEndSub/><cc/><diact type="sd"/><nolaughter/>
954,<rpEndSub/><cc/><diact type="sd"/><speechLaugh/>
955,<rpEndSub/><cc/><diact type="sv"/><nolaughter/>
956,<rpEndSub/><cc/><diact type="sv"/><speechLaugh/>
957,<rpEndSub/><cc/><diact type="t1"/><nolaughter/>
958,<rpEndSub/><ct/><diact type="%"/><nolaughter/>
959,<rpEndSub/><ct/><diact type="%"/><speechLaugh/>
960,<rpEndSub/><ct/><diact type="^2"/><nolaughter/>
961,<rpEndSub/><ct/><diact type="^h"/><nolaughter/>
962,<rpEndSub/><ct/><diact type="^q"/><nolaughter/>
963,<rpEndSub/><ct/><diact type="aa"/><nolaughter/>
964,<rpEndSub/><ct/><diact type="aap_am"/><nolaughter/>
965,<rpEndSub/><ct/><diact type="ad"/><nolaughter/>
966,<rpEndSub/><ct/><diact type="arp_nd"/><nolaughter/>
967,<rpEndSub/><ct/><diact type="b^m"/><nolaughter/>
968,<rpEndSub/><ct/><diact type="ba"/><nolaughter/>
969,<rpEndSub/><ct/><diact type="bf"/><nolaughter/>
970,<rpEndSub/><ct/><diact type="bh"/><nolaughter/>
971,<rpEndSub/><ct/><diact type="fc"/><nolaughter/>
972,<rpEndSub/><ct/><diact type="fo_o_fw_"_by_bc"/><nolaughter/>
973,<rpEndSub/><ct/><diact type="h"/><nolaughter/>
974,<rpEndSub/><ct/><diact type="na"/><nolaughter/>
975,<rpEndSub/><ct/><diact type="ng"/><nolaughter/>
976,<rpEndSub/><ct/><diact type="no"/><nolaughter/>
977,<rpEndSub/><ct/><diact type="qh"/><nolaughter/>
978,<rpEndSub/><ct/><diact type="qo"/><nolaughter/>
979,<rpEndSub/><ct/><diact type="qw"/><nolaughter/>
980,<rpEndSub/><ct/><diact type="qw"/><speechLaugh/>
981,<rpEndSub/><ct/><diact type="qw^d"/><nolaughter/>
982,<rpEndSub/><ct/><diact type="qy"/><nolaughter/>
983,<rpEndSub/><ct/><diact type="qy^d"/><nolaughter/>
984,<rpEndSub/><ct/><diact type="sd"/><nolaughter/>
985,<rpEndSub/><ct/><diact type="sd"/><speechLaugh/>
986,<rpEndSub/><ct/><diact type="sv"/><nolaughter/>
987,<rpEndSub/><ct/><diact type="t1"/><nolaughter/>
988,<rpEndSub/><ct/><diact type="t3"/><nolaughter/>