0,<diact type="%"/><cc/>
1,<diact type="%"/><ct/>
2,<diact type="%"/><tc/>
3,<diact type="%"/><tt/>
4,<diact type="^2"/><cc/>
5,<diact type="^2"/><ct/>
6,<diact type="^2"/><tc/>
7,<diact type="^2"/><tt/>
8,<diact type="^g"/><cc/>
9,<diact type="^g"/><ct/>
10,<diact type="^g"/><tc/>
11,<diact type="^g"/><tt/>
12,<diact type="^h"/><cc/>
13,<diact type="^h"/><ct/>
14,<diact type="^h"/><tc/>
15,<diact type="^h"/><tt/>
16,<diact type="^q"/><cc/>
17,<diact type="^q"/><ct/>
18,<diact type="^q"/><tc/>
19,<diact type="^q"/><tt/>
20,<diact type="aa"/><cc/>
21,<diact type="aa"/><ct/>
22,<diact type="aa"/><tc/>
23,<diact type="aa"/><tt/>
24,<diact type="aap_am"/><cc/>
25,<diact type="aap_am"/><ct/>
26,<diact type="aap_am"/><tc/>
27,<diact type="aap_am"/><tt/>
28,<diact type="ad"/><cc/>
29,<diact type="ad"/><ct/>
30,<diact type="ad"/><tc/>
31,<diact type="ad"/><tt/>
32,<diact type="ar"/><cc/>
33,<diact type="ar"/><ct/>
34,<diact type="ar"/><tc/>
35,<diact type="ar"/><tt/>
36,<diact type="arp_nd"/><cc/>
37,<diact type="arp_nd"/><ct/>
38,<diact type="arp_nd"/><tc/>
39,<diact type="arp_nd"/><tt/>
40,<diact type="b"/><cc/>
41,<diact type="b"/><ct/>
42,<diact type="b"/><tc/>
43,<diact type="b"/><tt/>
44,<diact type="b^m"/><cc/>
45,<diact type="b^m"/><ct/>
46,<diact type="b^m"/><tc/>
47,<diact type="b^m"/><tt/>
48,<diact type="ba"/><cc/>
49,<diact type="ba"/><ct/>
50,<diact type="ba"/><tc/>
51,<diact type="ba"/><tt/>
52,<diact type="bd"/><cc/>
53,<diact type="bd"/><ct/>
54,<diact type="bd"/><tc/>
55,<diact type="bd"/><tt/>
56,<diact type="bf"/><cc/>
57,<diact type="bf"/><ct/>
58,<diact type="bf"/><tc/>
59,<diact type="bf"/><tt/>
60,<diact type="bh"/><cc/>
61,<diact type="bh"/><ct/>
62,<diact type="bh"/><tc/>
63,<diact type="bh"/><tt/>
64,<diact type="bk"/><cc/>
65,<diact type="bk"/><ct/>
66,<diact type="bk"/><tc/>
67,<diact type="bk"/><tt/>
68,<diact type="br"/><cc/>
69,<diact type="br"/><ct/>
70,<diact type="br"/><tc/>
71,<diact type="br"/><tt/>
72,<diact type="fa"/><cc/>
73,<diact type="fa"/><ct/>
74,<diact type="fa"/><tc/>
75,<diact type="fa"/><tt/>
76,<diact type="fc"/><cc/>
77,<diact type="fc"/><ct/>
78,<diact type="fc"/><tc/>
79,<diact type="fc"/><tt/>
80,<diact type="fo_o_fw_"_by_bc"/><cc/>
81,<diact type="fo_o_fw_"_by_bc"/><ct/>
82,<diact type="fo_o_fw_"_by_bc"/><tc/>
83,<diact type="fo_o_fw_"_by_bc"/><tt/>
84,<diact type="fp"/><cc/>
85,<diact type="fp"/><ct/>
86,<diact type="fp"/><tc/>
87,<diact type="fp"/><tt/>
88,<diact type="ft"/><cc/>
89,<diact type="ft"/><ct/>
90,<diact type="ft"/><tc/>
91,<diact type="ft"/><tt/>
92,<diact type="h"/><cc/>
93,<diact type="h"/><ct/>
94,<diact type="h"/><tc/>
95,<diact type="h"/><tt/>
96,<diact type="na"/><cc/>
97,<diact type="na"/><ct/>
98,<diact type="na"/><tc/>
99,<diact type="na"/><tt/>
100,<diact type="ng"/><cc/>
101,<diact type="ng"/><ct/>
102,<diact type="ng"/><tc/>
103,<diact type="ng"/><tt/>
104,<diact type="nn"/><cc/>
105,<diact type="nn"/><ct/>
106,<diact type="nn"/><tc/>
107,<diact type="nn"/><tt/>
108,<diact type="no"/><cc/>
109,<diact type="no"/><ct/>
110,<diact type="no"/><tc/>
111,<diact type="no"/><tt/>
112,<diact type="ny"/><cc/>
113,<diact type="ny"/><ct/>
114,<diact type="ny"/><tc/>
115,<diact type="ny"/><tt/>
116,<diact type="oo_co_cc"/><cc/>
117,<diact type="oo_co_cc"/><ct/>
118,<diact type="oo_co_cc"/><tc/>
119,<diact type="qh"/><cc/>
120,<diact type="qh"/><ct/>
121,<diact type="qh"/><tc/>
122,<diact type="qh"/><tt/>
123,<diact type="qo"/><cc/>
124,<diact type="qo"/><ct/>
125,<diact type="qo"/><tc/>
126,<diact type="qo"/><tt/>
127,<diact type="qrr"/><cc/>
128,<diact type="qrr"/><ct/>
129,<diact type="qrr"/><tc/>
130,<diact type="qw"/><cc/>
131,<diact type="qw"/><ct/>
132,<diact type="qw"/><tc/>
133,<diact type="qw"/><tt/>
134,<diact type="qw^d"/><cc/>
135,<diact type="qw^d"/><ct/>
136,<diact type="qw^d"/><tc/>
137,<diact type="qy"/><cc/>
138,<diact type="qy"/><ct/>
139,<diact type="qy"/><tc/>
140,<diact type="qy"/><tt/>
141,<diact type="qy^d"/><cc/>
142,<diact type="qy^d"/><ct/>
143,<diact type="qy^d"/><tc/>
144,<diact type="qy^d"/><tt/>
145,<diact type="sd"/><cc/>
146,<diact type="sd"/><ct/>
147,<diact type="sd"/><tc/>
148,<diact type="sd"/><tt/>
149,<diact type="sv"/><cc/>
150,<diact type="sv"/><ct/>
151,<diact type="sv"/><tc/>
152,<diact type="sv"/><tt/>
153,<diact type="t1"/><cc/>
154,<diact type="t1"/><ct/>
155,<diact type="t1"/><tc/>
156,<diact type="t1"/><tt/>
157,<diact type="t3"/><cc/>
158,<diact type="t3"/><ct/>
159,<diact type="t3"/><tc/>
160,<diact type="t3"/><tt/>