0,<e/>
1,<e/><i id="10"/>
2,<e/><i id="11"/>
3,<e/><i id="12"/>
4,<e/><i id="13"/>
5,<e/><i id="14"/>
6,<e/><i id="15"/>
7,<e/><i id="16"/>
8,<e/><i id="17"/>
9,<e/><i id="18"/>
10,<e/><i id="19"/>
11,<e/><i id="2"/>
12,<e/><i id="20"/>
13,<e/><i id="21"/>
14,<e/><i id="22"/>
15,<e/><i id="23"/>
16,<e/><i id="24"/>
17,<e/><i id="27"/>
18,<e/><i id="28"/>
19,<e/><i id="29"/>
20,<e/><i id="3"/>
21,<e/><i id="31"/>
22,<e/><i id="33"/>
23,<e/><i id="36"/>
24,<e/><i id="4"/>
25,<e/><i id="40"/>
26,<e/><i id="44"/>
27,<e/><i id="47"/>
28,<e/><i id="5"/>
29,<e/><i id="6"/>
30,<e/><i id="7"/>
31,<e/><i id="8"/>
32,<e/><i id="9"/>
33,<f/>
34,<i id="10"/><e/>
35,<i id="11"/><e/>
36,<i id="12"/><e/>
37,<i id="13"/><e/>
38,<i id="14"/><e/>
39,<i id="15"/><e/>
40,<i id="16"/><e/>
41,<i id="17"/><e/>
42,<i id="18"/><e/>
43,<i id="19"/><e/>
44,<i id="2"/><e/>
45,<i id="20"/><e/>
46,<i id="21"/><e/>
47,<i id="22"/><e/>
48,<i id="23"/><e/>
49,<i id="24"/><e/>
50,<i id="25"/><e/>
51,<i id="26"/><e/>
52,<i id="27"/><e/>
53,<i id="28"/><e/>
54,<i id="29"/><e/>
55,<i id="3"/><e/>
56,<i id="30"/><e/>
57,<i id="31"/><e/>
58,<i id="32"/><e/>
59,<i id="33"/><e/>
60,<i id="34"/><e/>
61,<i id="35"/><e/>
62,<i id="36"/><e/>
63,<i id="37"/><e/>
64,<i id="38"/><e/>
65,<i id="39"/><e/>
66,<i id="4"/><e/>
67,<i id="40"/><e/>
68,<i id="41"/><e/>
69,<i id="42"/><e/>
70,<i id="43"/><e/>
71,<i id="44"/><e/>
72,<i id="45"/><e/>
73,<i id="46"/><e/>
74,<i id="49"/><e/>
75,<i id="5"/><e/>
76,<i id="52"/><e/>
77,<i id="56"/><e/>
78,<i id="6"/><e/>
79,<i id="60"/><e/>
80,<i id="7"/><e/>
81,<i id="77"/><e/>
82,<i id="8"/><e/>
83,<i id="9"/><e/>
84,<rm id="10"/>
85,<rm id="10"/><rm id="11"/>
86,<rm id="10"/><rm id="11"/><rpnsub id="5"/>
87,<rm id="10"/><rm id="12"/>
88,<rm id="10"/><rm id="13"/>
89,<rm id="10"/><rm id="20"/>
90,<rm id="10"/><rm id="3"/>
91,<rm id="10"/><rms id="8"/>
92,<rm id="10"/><rp id="3"/>
93,<rm id="10"/><rp id="7"/>
94,<rm id="10"/><rp id="8"/>
95,<rm id="10"/><rpnsub id="1"/>
96,<rm id="10"/><rpnsub id="2"/>
97,<rm id="10"/><rpnsub id="3"/>
98,<rm id="10"/><rpnsub id="4"/>
99,<rm id="10"/><rpnsub id="5"/>
100,<rm id="10"/><rpnsub id="6"/>
101,<rm id="10"/><rpnsub id="7"/>
102,<rm id="10"/><rpnsub id="8"/>
103,<rm id="10"/><rps id="3"/>
104,<rm id="10"/><rps id="8"/><rpnrep id="8"/>
105,<rm id="11"/>
106,<rm id="11"/><rm id="12"/>
107,<rm id="11"/><rm id="13"/>
108,<rm id="11"/><rm id="14"/>
109,<rm id="11"/><rm id="14"/><rpnsub id="9"/>
110,<rm id="11"/><rm id="15"/>
111,<rm id="11"/><rm id="17"/>
112,<rm id="11"/><rm id="18"/><rm id="20"/>
113,<rm id="11"/><rms id="12"/>
114,<rm id="11"/><rp id="4"/>
115,<rm id="11"/><rpnrep id="5"/>
116,<rm id="11"/><rpnrep id="7"/>
117,<rm id="11"/><rpnrep id="8"/>
118,<rm id="11"/><rpnrep id="9"/>
119,<rm id="11"/><rpnsub id="2"/>
120,<rm id="11"/><rpnsub id="4"/>
121,<rm id="11"/><rpnsub id="5"/>
122,<rm id="11"/><rpnsub id="7"/>
123,<rm id="11"/><rpnsub id="8"/>
124,<rm id="11"/><rpnsub id="9"/>
125,<rm id="12"/>
126,<rm id="12"/><rm id="13"/>
127,<rm id="12"/><rm id="13"/><rpnsub id="1"/>
128,<rm id="12"/><rm id="14"/>
129,<rm id="12"/><rm id="17"/>
130,<rm id="12"/><rms id="11"/>
131,<rm id="12"/><rp id="10"/>
132,<rm id="12"/><rp id="5"/><rm id="17"/>
133,<rm id="12"/><rp id="9"/>
134,<rm id="12"/><rpnrep id="10"/>
135,<rm id="12"/><rpnsub id="10"/>
136,<rm id="12"/><rpnsub id="3"/>
137,<rm id="12"/><rpnsub id="7"/>
138,<rm id="12"/><rpnsub id="8"/>
139,<rm id="12"/><rpnsub id="9"/>
140,<rm id="12"/><rps id="11"/><rpndel id="11"/>
141,<rm id="13"/>
142,<rm id="13"/><rm id="14"/>
143,<rm id="13"/><rm id="14"/><rpnsub id="11"/>
144,<rm id="13"/><rm id="15"/>
145,<rm id="13"/><rm id="18"/><rpnsub id="9"/>
146,<rm id="13"/><rms id="15"/>
147,<rm id="13"/><rp id="11"/>
148,<rm id="13"/><rp id="5"/>
149,<rm id="13"/><rp id="9"/>
150,<rm id="13"/><rpnrep id="11"/>
151,<rm id="13"/><rpnsub id="11"/>
152,<rm id="13"/><rpnsub id="4"/>
153,<rm id="13"/><rpnsub id="7"/>
154,<rm id="13"/><rpnsub id="8"/>
155,<rm id="13"/><rpnsub id="9"/>
156,<rm id="14"/>
157,<rm id="14"/><rm id="15"/>
158,<rm id="14"/><rm id="15"/><rpnsub id="12"/>
159,<rm id="14"/><rm id="16"/>
160,<rm id="14"/><rm id="17"/>
161,<rm id="14"/><rms id="13"/>
162,<rm id="14"/><rp id="7"/>
163,<rm id="14"/><rpnrep id="8"/>
164,<rm id="14"/><rpnsub id="11"/>
165,<rm id="14"/><rpnsub id="12"/>
166,<rm id="14"/><rpnsub id="2"/>
167,<rm id="14"/><rpnsub id="6"/>
168,<rm id="14"/><rps id="13"/><rpnrep id="13"/>
169,<rm id="15"/>
170,<rm id="15"/><rm id="16"/>
171,<rm id="15"/><rm id="16"/><rp id="13"/>
172,<rm id="15"/><rm id="17"/>
173,<rm id="15"/><rm id="19"/><rpnsub id="12"/>
174,<rm id="15"/><rm id="22"/>
175,<rm id="15"/><rm id="26"/>
176,<rm id="15"/><rp id="10"/>
177,<rm id="15"/><rp id="12"/>
178,<rm id="15"/><rp id="13"/>
179,<rm id="15"/><rp id="7"/>
180,<rm id="15"/><rp id="9"/>
181,<rm id="15"/><rpnrep id="11"/>
182,<rm id="15"/><rpnrep id="13"/>
183,<rm id="15"/><rpnsub id="13"/>
184,<rm id="15"/><rpnsub id="9"/>
185,<rm id="16"/>
186,<rm id="16"/><rm id="18"/>
187,<rm id="16"/><rm id="21"/>
188,<rm id="16"/><rp id="12"/>
189,<rm id="16"/><rp id="13"/>
190,<rm id="16"/><rpnsub id="13"/>
191,<rm id="16"/><rpnsub id="14"/>
192,<rm id="16"/><rpnsub id="6"/>
193,<rm id="16"/><rps id="12"/><rpnrep id="12"/>
194,<rm id="17"/>
195,<rm id="17"/><rm id="18"/>
196,<rm id="17"/><rm id="19"/>
197,<rm id="17"/><rm id="20"/>
198,<rm id="17"/><rms id="16"/>
199,<rm id="17"/><rp id="14"/>
200,<rm id="17"/><rp id="15"/>
201,<rm id="17"/><rpnrep id="14"/>
202,<rm id="17"/><rpnsub id="11"/>
203,<rm id="17"/><rpnsub id="12"/>
204,<rm id="17"/><rpnsub id="15"/>
205,<rm id="17"/><rps id="16"/><rpnrep id="16"/>
206,<rm id="18"/>
207,<rm id="18"/><rm id="19"/>
208,<rm id="18"/><rm id="20"/><rpnsub id="11"/>
209,<rm id="18"/><rm id="21"/>
210,<rm id="18"/><rm id="22"/>
211,<rm id="18"/><rp id="13"/>
212,<rm id="18"/><rp id="9"/>
213,<rm id="18"/><rpnrep id="16"/>
214,<rm id="18"/><rpnsub id="13"/>
215,<rm id="18"/><rpnsub id="16"/>
216,<rm id="19"/>
217,<rm id="19"/><rm id="20"/>
218,<rm id="19"/><rm id="21"/>
219,<rm id="19"/><rm id="24"/>
220,<rm id="19"/><rp id="10"/>
221,<rm id="19"/><rpnsub id="10"/>
222,<rm id="19"/><rpnsub id="14"/>
223,<rm id="19"/><rpnsub id="15"/>
224,<rm id="19"/><rpnsub id="16"/>
225,<rm id="19"/><rpnsub id="17"/>
226,<rm id="19"/><rpnsub id="8"/>
227,<rm id="2"/>
228,<rm id="2"/><rm id="11"/>
229,<rm id="2"/><rm id="3"/>
230,<rm id="2"/><rm id="4"/>
231,<rm id="2"/><rm id="4"/><rm id="10"/>
232,<rm id="2"/><rm id="4"/><rm id="6"/>
233,<rm id="2"/><rm id="4"/><rm id="7"/>
234,<rm id="2"/><rm id="5"/>
235,<rm id="2"/><rm id="5"/><rm id="6"/>
236,<rm id="2"/><rm id="6"/>
237,<rm id="2"/><rm id="6"/><rm id="7"/><rm id="8"/><rps id="1"/><rpnsub id="1"/>
238,<rm id="2"/><rm id="8"/>
239,<rm id="2"/><rm id="8"/><rm id="12"/>
240,<rm id="2"/><rms id="3"/>
241,<rm id="2"/><rps id="1"/><rpnrep id="1"/>
242,<rm id="20"/>
243,<rm id="20"/><rm id="21"/><rm id="22"/><rpnsub id="18"/>
244,<rm id="20"/><rms id="18"/>
245,<rm id="20"/><rp id="15"/>
246,<rm id="20"/><rp id="16"/>
247,<rm id="20"/><rpnsub id="10"/>
248,<rm id="20"/><rpnsub id="17"/>
249,<rm id="20"/><rpnsub id="18"/>
250,<rm id="20"/><rpnsub id="9"/>
251,<rm id="20"/><rps id="18"/><rpnrep id="18"/>
252,<rm id="21"/>
253,<rm id="21"/><rm id="24"/>
254,<rm id="21"/><rm id="25"/>
255,<rm id="21"/><rms id="25"/>
256,<rm id="21"/><rp id="16"/>
257,<rm id="21"/><rp id="19"/>
258,<rm id="21"/><rpnrep id="18"/>
259,<rm id="21"/><rpnsub id="16"/>
260,<rm id="21"/><rpnsub id="17"/>
261,<rm id="21"/><rpnsub id="18"/>
262,<rm id="21"/><rpnsub id="19"/>
263,<rm id="21"/><rpnsub id="9"/>
264,<rm id="22"/>
265,<rm id="22"/><rm id="23"/>
266,<rm id="22"/><rpnsub id="15"/>
267,<rm id="22"/><rpnsub id="18"/>
268,<rm id="22"/><rpnsub id="20"/>
269,<rm id="23"/>
270,<rm id="23"/><rm id="27"/>
271,<rm id="23"/><rpnsub id="19"/>
272,<rm id="23"/><rpnsub id="21"/>
273,<rm id="23"/><rps id="22"/>
274,<rm id="24"/>
275,<rm id="24"/><rp id="22"/>
276,<rm id="24"/><rpnrep id="21"/>
277,<rm id="24"/><rpnsub id="19"/>
278,<rm id="24"/><rpnsub id="21"/>
279,<rm id="24"/><rpnsub id="22"/>
280,<rm id="25"/>
281,<rm id="25"/><rm id="27"/>
282,<rm id="25"/><rm id="29"/>
283,<rm id="25"/><rpnsub id="18"/>
284,<rm id="25"/><rpnsub id="21"/>
285,<rm id="26"/>
286,<rm id="26"/><rm id="27"/><rm id="28"/>
287,<rm id="26"/><rms id="20"/>
288,<rm id="26"/><rms id="24"/>
289,<rm id="26"/><rpnsub id="15"/>
290,<rm id="26"/><rpnsub id="20"/>
291,<rm id="26"/><rps id="20"/>
292,<rm id="26"/><rps id="24"/><rpndel id="24"/><rms id="25"/>
293,<rm id="26"/><rps id="25"/><rpnrep id="25"/>
294,<rm id="27"/>
295,<rm id="27"/><rm id="28"/>
296,<rm id="27"/><rm id="29"/>
297,<rm id="27"/><rp id="15"/>
298,<rm id="27"/><rp id="24"/>
299,<rm id="27"/><rp id="25"/>
300,<rm id="27"/><rpnsub id="22"/>
301,<rm id="27"/><rpnsub id="23"/>
302,<rm id="27"/><rpnsub id="25"/>
303,<rm id="28"/>
304,<rm id="28"/><rm id="30"/>
305,<rm id="28"/><rp id="26"/>
306,<rm id="29"/>
307,<rm id="29"/><rm id="31"/>
308,<rm id="29"/><rpnrep id="27"/>
309,<rm id="29"/><rpnsub id="25"/>
310,<rm id="3"/>
311,<rm id="3"/><rm id="10"/>
312,<rm id="3"/><rm id="12"/>
313,<rm id="3"/><rm id="4"/>
314,<rm id="3"/><rm id="4"/><rm id="5"/><rpnsub id="1"/>
315,<rm id="3"/><rm id="4"/><rm id="6"/><rm id="8"/><rps id="1"/><rpnrep id="1"/>
316,<rm id="3"/><rm id="4"/><rpnsub id="1"/>
317,<rm id="3"/><rm id="5"/>
318,<rm id="3"/><rm id="5"/><rm id="9"/>
319,<rm id="3"/><rm id="6"/>
320,<rm id="3"/><rm id="7"/>
321,<rm id="3"/><rm id="7"/><rpnsub id="1"/>
322,<rm id="3"/><rm id="8"/>
323,<rm id="3"/><rm id="8"/><rm id="9"/>
324,<rm id="3"/><rm id="9"/>
325,<rm id="3"/><rms id="4"/>
326,<rm id="3"/><rp id="1"/>
327,<rm id="3"/><rpnsub id="1"/>
328,<rm id="30"/>
329,<rm id="30"/><rpnrep id="28"/>
330,<rm id="30"/><rpnsub id="27"/>
331,<rm id="30"/><rpnsub id="28"/>
332,<rm id="31"/>
333,<rm id="31"/><rm id="33"/>
334,<rm id="31"/><rpnsub id="29"/>
335,<rm id="32"/>
336,<rm id="33"/>
337,<rm id="33"/><rpnsub id="31"/>
338,<rm id="34"/>
339,<rm id="34"/><rp id="27"/>
340,<rm id="35"/>
341,<rm id="35"/><rm id="37"/>
342,<rm id="35"/><rpnsub id="33"/>
343,<rm id="36"/>
344,<rm id="37"/>
345,<rm id="37"/><rm id="38"/>
346,<rm id="37"/><rp id="33"/>
347,<rm id="37"/><rpnsub id="35"/>
348,<rm id="38"/>
349,<rm id="39"/>
350,<rm id="4"/>
351,<rm id="4"/><rm id="10"/>
352,<rm id="4"/><rm id="10"/><rpnsub id="2"/>
353,<rm id="4"/><rm id="11"/>
354,<rm id="4"/><rm id="12"/>
355,<rm id="4"/><rm id="13"/>
356,<rm id="4"/><rm id="5"/>
357,<rm id="4"/><rm id="5"/><rm id="6"/>
358,<rm id="4"/><rm id="5"/><rm id="7"/><rm id="8"/><rps id="3"/><rpnrep id="3"/>
359,<rm id="4"/><rm id="5"/><rpnsub id="2"/>
360,<rm id="4"/><rm id="6"/>
361,<rm id="4"/><rm id="6"/><rm id="9"/>
362,<rm id="4"/><rm id="6"/><rpnrep id="2"/>
363,<rm id="4"/><rm id="6"/><rpnsub id="2"/>
364,<rm id="4"/><rm id="7"/>
365,<rm id="4"/><rm id="7"/><rpnrep id="2"/>
366,<rm id="4"/><rm id="8"/>
367,<rm id="4"/><rm id="9"/>
368,<rm id="4"/><rm id="9"/><rm id="21"/>
369,<rm id="4"/><rms id="10"/>
370,<rm id="4"/><rms id="9"/>
371,<rm id="4"/><rp id="1"/>
372,<rm id="4"/><rp id="2"/>
373,<rm id="4"/><rpnrep id="2"/>
374,<rm id="4"/><rpnsub id="1"/>
375,<rm id="4"/><rpnsub id="2"/>
376,<rm id="4"/><rps id="3"/>
377,<rm id="40"/>
378,<rm id="41"/>
379,<rm id="42"/>
380,<rm id="42"/><rms id="41"/>
381,<rm id="42"/><rps id="41"/>
382,<rm id="43"/>
383,<rm id="44"/>
384,<rm id="44"/><rp id="33"/>
385,<rm id="45"/>
386,<rm id="46"/>
387,<rm id="46"/><rp id="44"/>
388,<rm id="48"/>
389,<rm id="49"/>
390,<rm id="49"/><rm id="50"/>
391,<rm id="5"/>
392,<rm id="5"/><rm id="10"/>
393,<rm id="5"/><rm id="11"/>
394,<rm id="5"/><rm id="17"/>
395,<rm id="5"/><rm id="6"/>
396,<rm id="5"/><rm id="6"/><rm id="7"/>
397,<rm id="5"/><rm id="6"/><rpnsub id="1"/>
398,<rm id="5"/><rm id="7"/>
399,<rm id="5"/><rm id="7"/><rm id="9"/>
400,<rm id="5"/><rm id="7"/><rpnsub id="2"/>
401,<rm id="5"/><rm id="8"/>
402,<rm id="5"/><rm id="8"/><rpnsub id="1"/>
403,<rm id="5"/><rm id="8"/><rpnsub id="2"/>
404,<rm id="5"/><rm id="9"/>
405,<rm id="5"/><rm id="9"/><rpnsub id="3"/>
406,<rm id="5"/><rms id="4"/>
407,<rm id="5"/><rp id="2"/>
408,<rm id="5"/><rp id="3"/>
409,<rm id="5"/><rpnrep id="2"/>
410,<rm id="5"/><rpnrep id="3"/>
411,<rm id="5"/><rpnsub id="1"/>
412,<rm id="5"/><rpnsub id="2"/>
413,<rm id="5"/><rpnsub id="3"/>
414,<rm id="5"/><rps id="4"/><rpnrep id="4"/>
415,<rm id="50"/>
416,<rm id="52"/>
417,<rm id="6"/>
418,<rm id="6"/><rm id="10"/>
419,<rm id="6"/><rm id="10"/><rpnsub id="4"/>
420,<rm id="6"/><rm id="7"/>
421,<rm id="6"/><rm id="7"/><rm id="8"/>
422,<rm id="6"/><rm id="7"/><rm id="8"/><rpnsub id="2"/>
423,<rm id="6"/><rm id="7"/><rpnsub id="4"/>
424,<rm id="6"/><rm id="8"/>
425,<rm id="6"/><rm id="8"/><rp id="1"/>
426,<rm id="6"/><rm id="8"/><rpnsub id="4"/>
427,<rm id="6"/><rm id="9"/>
428,<rm id="6"/><rm id="9"/><rpnsub id="4"/>
429,<rm id="6"/><rms id="3"/><rps id="2"/>
430,<rm id="6"/><rp id="2"/>
431,<rm id="6"/><rp id="4"/>
432,<rm id="6"/><rpnrep id="2"/>
433,<rm id="6"/><rpnrep id="3"/>
434,<rm id="6"/><rpnrep id="4"/>
435,<rm id="6"/><rpnsub id="1"/>
436,<rm id="6"/><rpnsub id="2"/>
437,<rm id="6"/><rpnsub id="2"/><rps id="5"/><rpndel id="5"/>
438,<rm id="6"/><rpnsub id="3"/>
439,<rm id="6"/><rpnsub id="4"/>
440,<rm id="6"/><rps id="3"/><rp id="2"/><rpnrep id="3"/>
441,<rm id="6"/><rps id="3"/><rp id="2"/><rpnsub id="3"/>
442,<rm id="7"/>
443,<rm id="7"/><rm id="10"/>
444,<rm id="7"/><rm id="11"/>
445,<rm id="7"/><rm id="13"/>
446,<rm id="7"/><rm id="8"/><rpnsub id="5"/>
447,<rm id="7"/><rm id="9"/>
448,<rm id="7"/><rm id="9"/><rp id="4"/>
449,<rm id="7"/><rm id="9"/><rpnsub id="5"/>
450,<rm id="7"/><rms id="5"/>
451,<rm id="7"/><rp id="3"/>
452,<rm id="7"/><rp id="4"/>
453,<rm id="7"/><rp id="4"/><rpnsub id="5"/>
454,<rm id="7"/><rp id="5"/>
455,<rm id="7"/><rpnrep id="4"/>
456,<rm id="7"/><rpnrep id="5"/>
457,<rm id="7"/><rpnsub id="2"/>
458,<rm id="7"/><rpnsub id="3"/>
459,<rm id="7"/><rpnsub id="4"/>
460,<rm id="7"/><rpnsub id="5"/>
461,<rm id="7"/><rps id="5"/>
462,<rm id="7"/><rps id="6"/><rpnrep id="6"/>
463,<rm id="70"/>
464,<rm id="77"/>
465,<rm id="8"/>
466,<rm id="8"/><rm id="10"/>
467,<rm id="8"/><rm id="10"/><rpnsub id="6"/>
468,<rm id="8"/><rm id="11"/>
469,<rm id="8"/><rm id="12"/>
470,<rm id="8"/><rm id="12"/><rpnsub id="2"/>
471,<rm id="8"/><rm id="14"/>
472,<rm id="8"/><rm id="19"/>
473,<rm id="8"/><rm id="7"/>
474,<rm id="8"/><rm id="9"/>
475,<rm id="8"/><rm id="9"/><rpnsub id="3"/>
476,<rm id="8"/><rms id="7"/>
477,<rm id="8"/><rp id="1"/>
478,<rm id="8"/><rp id="1"/><rpnrep id="6"/>
479,<rm id="8"/><rp id="4"/><rm id="12"/>
480,<rm id="8"/><rp id="5"/>
481,<rm id="8"/><rpnrep id="2"/>
482,<rm id="8"/><rpnrep id="3"/>
483,<rm id="8"/><rpnrep id="5"/>
484,<rm id="8"/><rpnrep id="6"/>
485,<rm id="8"/><rpnsub id="2"/>
486,<rm id="8"/><rpnsub id="3"/>
487,<rm id="8"/><rpnsub id="4"/>
488,<rm id="8"/><rpnsub id="5"/>
489,<rm id="8"/><rpnsub id="6"/>
490,<rm id="8"/><rps id="7"/><rpnsub id="7"/>
491,<rm id="9"/>
492,<rm id="9"/><rm id="10"/>
493,<rm id="9"/><rm id="11"/>
494,<rm id="9"/><rm id="12"/>
495,<rm id="9"/><rm id="13"/><rm id="18"/>
496,<rm id="9"/><rm id="15"/>
497,<rm id="9"/><rm id="20"/>
498,<rm id="9"/><rm id="21"/><rpnsub id="4"/>
499,<rm id="9"/><rm id="5"/>
500,<rm id="9"/><rms id="5"/>
501,<rm id="9"/><rp id="4"/>
502,<rm id="9"/><rp id="4"/><rpnsub id="7"/>
503,<rm id="9"/><rp id="5"/>
504,<rm id="9"/><rp id="6"/>
505,<rm id="9"/><rp id="7"/>
506,<rm id="9"/><rpnrep id="4"/>
507,<rm id="9"/><rpnrep id="5"/>
508,<rm id="9"/><rpnrep id="6"/>
509,<rm id="9"/><rpnrep id="7"/>
510,<rm id="9"/><rpnsub id="1"/>
511,<rm id="9"/><rpnsub id="2"/>
512,<rm id="9"/><rpnsub id="3"/>
513,<rm id="9"/><rpnsub id="4"/>
514,<rm id="9"/><rpnsub id="5"/>
515,<rm id="9"/><rpnsub id="6"/>
516,<rm id="9"/><rpnsub id="7"/>
517,<rm id="9"/><rps id="5"/>
518,<rm id="9"/><rps id="7"/><rpndel id="7"/>
519,<rms id="1"/>
520,<rms id="1"/><rms id="10"/>
521,<rms id="1"/><rms id="12"/><rms id="13"/>
522,<rms id="1"/><rms id="2"/>
523,<rms id="1"/><rms id="2"/><rms id="3"/>
524,<rms id="1"/><rms id="2"/><rms id="3"/><rms id="4"/>
525,<rms id="1"/><rms id="2"/><rms id="3"/><rms id="5"/>
526,<rms id="1"/><rms id="2"/><rms id="4"/>
527,<rms id="1"/><rms id="2"/><rms id="5"/>
528,<rms id="1"/><rms id="2"/><rms id="5"/><rms id="7"/>
529,<rms id="1"/><rms id="2"/><rms id="6"/>
530,<rms id="1"/><rms id="2"/><rms id="8"/>
531,<rms id="1"/><rms id="3"/>
532,<rms id="1"/><rms id="3"/><rms id="4"/>
533,<rms id="1"/><rms id="3"/><rms id="4"/><rms id="5"/>
534,<rms id="1"/><rms id="3"/><rms id="5"/>
535,<rms id="1"/><rms id="3"/><rms id="5"/><rms id="6"/>
536,<rms id="1"/><rms id="3"/><rms id="6"/>
537,<rms id="1"/><rms id="3"/><rms id="7"/>
538,<rms id="1"/><rms id="4"/>
539,<rms id="1"/><rms id="4"/><rms id="7"/>
540,<rms id="1"/><rms id="5"/>
541,<rms id="1"/><rms id="5"/><rms id="6"/>
542,<rms id="1"/><rms id="5"/><rms id="8"/>
543,<rms id="1"/><rms id="6"/>
544,<rms id="1"/><rms id="7"/>
545,<rms id="1"/><rms id="8"/>
546,<rms id="1"/><rms id="9"/>
547,<rms id="10"/>
548,<rms id="10"/><rm id="11"/>
549,<rms id="10"/><rm id="11"/><rm id="18"/><rm id="20"/>
550,<rms id="10"/><rms id="11"/>
551,<rms id="10"/><rms id="11"/><rms id="12"/>
552,<rms id="10"/><rms id="12"/>
553,<rms id="10"/><rms id="13"/>
554,<rms id="10"/><rms id="19"/>
555,<rms id="10"/><rms id="20"/>
556,<rms id="10"/><rms id="3"/>
557,<rms id="10"/><rp id="3"/>
558,<rms id="10"/><rp id="5"/>
559,<rms id="10"/><rp id="6"/>
560,<rms id="10"/><rp id="7"/>
561,<rms id="10"/><rpnsub id="3"/>
562,<rms id="10"/><rps id="7"/>
563,<rms id="10"/><rps id="8"/>
564,<rms id="10"/><rps id="9"/>
565,<rms id="10"/><rps id="9"/><rm id="11"/>
566,<rms id="10"/><rps id="9"/><rpndel id="9"/>
567,<rms id="11"/>
568,<rms id="11"/><rm id="14"/>
569,<rms id="11"/><rm id="17"/>
570,<rms id="11"/><rms id="12"/>
571,<rms id="11"/><rms id="12"/><rps id="10"/>
572,<rms id="11"/><rms id="12"/><rps id="10"/><rm id="19"/>
573,<rms id="11"/><rms id="13"/>
574,<rms id="11"/><rms id="13"/><rms id="14"/>
575,<rms id="11"/><rms id="13"/><rms id="16"/>
576,<rms id="11"/><rms id="14"/>
577,<rms id="11"/><rms id="15"/>
578,<rms id="11"/><rms id="18"/><rms id="20"/>
579,<rms id="11"/><rp id="3"/>
580,<rms id="11"/><rp id="4"/>
581,<rms id="11"/><rp id="5"/>
582,<rms id="11"/><rp id="7"/>
583,<rms id="11"/><rp id="8"/>
584,<rms id="11"/><rp id="9"/>
585,<rms id="11"/><rpnsub id="9"/>
586,<rms id="11"/><rps id="10"/>
587,<rms id="11"/><rps id="10"/><rm id="13"/>
588,<rms id="11"/><rps id="10"/><rm id="20"/>
589,<rms id="11"/><rps id="10"/><rpndel id="10"/>
590,<rms id="11"/><rps id="4"/><rpnrep id="4"/>
591,<rms id="11"/><rps id="4"/><rpnsub id="4"/>
592,<rms id="11"/><rps id="8"/><rpndel id="8"/>
593,<rms id="12"/>
594,<rms id="12"/><rm id="13"/>
595,<rms id="12"/><rms id="13"/>
596,<rms id="12"/><rms id="13"/><rms id="15"/>
597,<rms id="12"/><rms id="13"/><rps id="11"/>
598,<rms id="12"/><rms id="14"/>
599,<rms id="12"/><rms id="14"/><rms id="15"/>
600,<rms id="12"/><rms id="15"/>
601,<rms id="12"/><rms id="15"/><rms id="19"/>
602,<rms id="12"/><rms id="17"/>
603,<rms id="12"/><rp id="10"/>
604,<rms id="12"/><rp id="5"/>
605,<rms id="12"/><rp id="5"/><rm id="17"/>
606,<rms id="12"/><rp id="7"/>
607,<rms id="12"/><rp id="8"/>
608,<rms id="12"/><rp id="9"/>
609,<rms id="12"/><rpnrep id="10"/>
610,<rms id="12"/><rps id="10"/>
611,<rms id="12"/><rps id="11"/>
612,<rms id="12"/><rps id="11"/><rp id="10"/>
613,<rms id="12"/><rps id="11"/><rp id="8"/>
614,<rms id="12"/><rps id="11"/><rpnsub id="11"/>
615,<rms id="12"/><rps id="9"/>
616,<rms id="13"/>
617,<rms id="13"/><rm id="14"/>
618,<rms id="13"/><rms id="14"/>
619,<rms id="13"/><rms id="14"/><rms id="15"/>
620,<rms id="13"/><rms id="14"/><rms id="19"/>
621,<rms id="13"/><rms id="14"/><rp id="9"/>
622,<rms id="13"/><rms id="15"/>
623,<rms id="13"/><rms id="16"/>
624,<rms id="13"/><rms id="18"/>
625,<rms id="13"/><rp id="10"/>
626,<rms id="13"/><rp id="11"/><rp id="8"/>
627,<rms id="13"/><rp id="2"/>
628,<rms id="13"/><rp id="3"/>
629,<rms id="13"/><rp id="5"/>
630,<rms id="13"/><rp id="6"/>
631,<rms id="13"/><rp id="7"/>
632,<rms id="13"/><rp id="9"/>
633,<rms id="13"/><rps id="11"/>
634,<rms id="13"/><rps id="12"/>
635,<rms id="13"/><rps id="12"/><rpndel id="12"/>
636,<rms id="13"/><rps id="9"/>
637,<rms id="13"/><rps id="9"/><rpndel id="9"/>
638,<rms id="14"/>
639,<rms id="14"/><rms id="15"/>
640,<rms id="14"/><rms id="15"/><rms id="16"/>
641,<rms id="14"/><rms id="15"/><rms id="16"/><rms id="17"/>
642,<rms id="14"/><rms id="15"/><rp id="12"/>
643,<rms id="14"/><rms id="16"/>
644,<rms id="14"/><rms id="17"/>
645,<rms id="14"/><rms id="19"/>
646,<rms id="14"/><rp id="11"/>
647,<rms id="14"/><rp id="12"/>
648,<rms id="14"/><rp id="7"/>
649,<rms id="14"/><rp id="8"/>
650,<rms id="14"/><rpnsub id="12"/>
651,<rms id="14"/><rpnsub id="6"/>
652,<rms id="14"/><rps id="13"/>
653,<rms id="14"/><rps id="13"/><rpndel id="13"/>
654,<rms id="14"/><rps id="13"/><rpnrep id="13"/>
655,<rms id="14"/><rps id="9"/><rpnrep id="9"/>
656,<rms id="15"/>
657,<rms id="15"/><rm id="17"/>
658,<rms id="15"/><rms id="16"/>
659,<rms id="15"/><rms id="16"/><rps id="13"/>
660,<rms id="15"/><rms id="17"/>
661,<rms id="15"/><rms id="17"/><rms id="18"/>
662,<rms id="15"/><rms id="18"/>
663,<rms id="15"/><rms id="19"/>
664,<rms id="15"/><rms id="22"/><rps id="13"/><rpndel id="13"/>
665,<rms id="15"/><rms id="26"/>
666,<rms id="15"/><rp id="10"/>
667,<rms id="15"/><rp id="12"/><rp id="5"/><rm id="17"/>
668,<rms id="15"/><rp id="6"/>
669,<rms id="15"/><rp id="7"/>
670,<rms id="15"/><rp id="9"/>
671,<rms id="15"/><rpnsub id="13"/>
672,<rms id="15"/><rps id="12"/>
673,<rms id="15"/><rps id="13"/>
674,<rms id="15"/><rps id="13"/><rpndel id="13"/>
675,<rms id="15"/><rps id="14"/>
676,<rms id="15"/><rps id="14"/><rpndel id="14"/>
677,<rms id="16"/>
678,<rms id="16"/><rms id="12"/>
679,<rms id="16"/><rms id="17"/>
680,<rms id="16"/><rms id="17"/><rms id="18"/><rps id="15"/>
681,<rms id="16"/><rms id="17"/><rms id="19"/>
682,<rms id="16"/><rms id="18"/>
683,<rms id="16"/><rms id="18"/><rps id="14"/><rpndel id="14"/>
684,<rms id="16"/><rms id="19"/>
685,<rms id="16"/><rms id="21"/>
686,<rms id="16"/><rp id="13"/>
687,<rms id="16"/><rp id="3"/>
688,<rms id="16"/><rp id="9"/><rm id="21"/>
689,<rms id="16"/><rpnsub id="12"/>
690,<rms id="16"/><rps id="12"/>
691,<rms id="16"/><rps id="13"/>
692,<rms id="16"/><rps id="14"/>
693,<rms id="16"/><rps id="14"/><rpnrep id="14"/><rpnsub id="12"/>
694,<rms id="16"/><rps id="15"/>
695,<rms id="17"/>
696,<rms id="17"/><rm id="19"/>
697,<rms id="17"/><rms id="18"/>
698,<rms id="17"/><rms id="18"/><rms id="21"/><rm id="22"/>
699,<rms id="17"/><rms id="19"/>
700,<rms id="17"/><rms id="19"/><rms id="21"/><rps id="16"/>
701,<rms id="17"/><rms id="20"/>
702,<rms id="17"/><rms id="21"/>
703,<rms id="17"/><rp id="11"/>
704,<rms id="17"/><rp id="14"/>
705,<rms id="17"/><rpnsub id="12"/>
706,<rms id="17"/><rps id="13"/><rpnrep id="13"/>
707,<rms id="17"/><rps id="14"/>
708,<rms id="17"/><rps id="15"/>
709,<rms id="17"/><rps id="15"/><rpndel id="15"/>
710,<rms id="17"/><rps id="16"/><rpndel id="16"/>
711,<rms id="18"/>
712,<rms id="18"/><rms id="19"/>
713,<rms id="18"/><rms id="19"/><rms id="20"/>
714,<rms id="18"/><rms id="20"/>
715,<rms id="18"/><rms id="20"/><rms id="21"/><rms id="22"/>
716,<rms id="18"/><rms id="21"/>
717,<rms id="18"/><rms id="22"/>
718,<rms id="18"/><rms id="25"/>
719,<rms id="18"/><rp id="13"/>
720,<rms id="18"/><rp id="16"/>
721,<rms id="18"/><rps id="15"/>
722,<rms id="18"/><rps id="17"/>
723,<rms id="18"/><rps id="17"/><rm id="20"/>
724,<rms id="18"/><rps id="17"/><rpnrep id="17"/>
725,<rms id="18"/><rps id="9"/>
726,<rms id="19"/>
727,<rms id="19"/><rm id="20"/>
728,<rms id="19"/><rm id="26"/>
729,<rms id="19"/><rms id="20"/>
730,<rms id="19"/><rms id="21"/>
731,<rms id="19"/><rms id="23"/>
732,<rms id="19"/><rms id="24"/>
733,<rms id="19"/><rp id="10"/>
734,<rms id="19"/><rp id="13"/>
735,<rms id="19"/><rp id="15"/>
736,<rms id="19"/><rp id="17"/>
737,<rms id="19"/><rp id="6"/>
738,<rms id="19"/><rps id="14"/><rpndel id="14"/>
739,<rms id="19"/><rps id="17"/>
740,<rms id="19"/><rps id="18"/>
741,<rms id="2"/>
742,<rms id="2"/><rm id="4"/><rm id="6"/>
743,<rms id="2"/><rms id="1"/>
744,<rms id="2"/><rms id="10"/>
745,<rms id="2"/><rms id="11"/>
746,<rms id="2"/><rms id="14"/>
747,<rms id="2"/><rms id="3"/>
748,<rms id="2"/><rms id="3"/><rms id="4"/>
749,<rms id="2"/><rms id="3"/><rms id="4"/><rms id="5"/>
750,<rms id="2"/><rms id="3"/><rms id="5"/>
751,<rms id="2"/><rms id="3"/><rms id="6"/>
752,<rms id="2"/><rms id="3"/><rms id="7"/>
753,<rms id="2"/><rms id="4"/>
754,<rms id="2"/><rms id="4"/><rms id="10"/>
755,<rms id="2"/><rms id="4"/><rms id="5"/>
756,<rms id="2"/><rms id="4"/><rms id="5"/><rms id="6"/>
757,<rms id="2"/><rms id="4"/><rms id="6"/>
758,<rms id="2"/><rms id="4"/><rms id="7"/>
759,<rms id="2"/><rms id="5"/>
760,<rms id="2"/><rms id="5"/><rms id="6"/>
761,<rms id="2"/><rms id="5"/><rms id="8"/>
762,<rms id="2"/><rms id="6"/>
763,<rms id="2"/><rms id="6"/><rms id="7"/><rms id="8"/><rms id="1"/>
764,<rms id="2"/><rms id="7"/>
765,<rms id="2"/><rms id="8"/>
766,<rms id="2"/><rms id="8"/><rms id="12"/>
767,<rms id="2"/><rms id="9"/>
768,<rms id="2"/><rps id="1"/>
769,<rms id="2"/><rps id="1"/><rpnrep id="1"/>
770,<rms id="20"/>
771,<rms id="20"/><rms id="21"/>
772,<rms id="20"/><rms id="22"/>
773,<rms id="20"/><rms id="23"/>
774,<rms id="20"/><rp id="15"/>
775,<rms id="20"/><rp id="16"/>
776,<rms id="20"/><rp id="18"/>
777,<rms id="20"/><rps id="15"/>
778,<rms id="20"/><rps id="17"/><rpnrep id="17"/>
779,<rms id="20"/><rps id="18"/><rpndel id="18"/>
780,<rms id="20"/><rps id="19"/>
781,<rms id="21"/>
782,<rms id="21"/><rm id="24"/>
783,<rms id="21"/><rms id="22"/>
784,<rms id="21"/><rms id="22"/><rp id="5"/>
785,<rms id="21"/><rms id="23"/>
786,<rms id="21"/><rms id="24"/>
787,<rms id="21"/><rms id="24"/><rms id="25"/>
788,<rms id="21"/><rp id="17"/>
789,<rms id="21"/><rp id="8"/>
790,<rms id="21"/><rps id="16"/>
791,<rms id="21"/><rps id="19"/>
792,<rms id="21"/><rps id="20"/>
793,<rms id="22"/>
794,<rms id="22"/><rms id="23"/>
795,<rms id="22"/><rms id="23"/><rps id="21"/>
796,<rms id="22"/><rms id="24"/>
797,<rms id="22"/><rms id="27"/>
798,<rms id="23"/>
799,<rms id="23"/><rms id="22"/>
800,<rms id="23"/><rms id="24"/>
801,<rms id="23"/><rms id="27"/>
802,<rms id="23"/><rp id="14"/>
803,<rms id="23"/><rpnsub id="17"/>
804,<rms id="23"/><rps id="20"/>
805,<rms id="23"/><rps id="21"/>
806,<rms id="23"/><rps id="22"/>
807,<rms id="24"/>
808,<rms id="24"/><rms id="25"/>
809,<rms id="24"/><rms id="25"/><rms id="27"/>
810,<rms id="24"/><rps id="22"/>
811,<rms id="24"/><rps id="23"/>
812,<rms id="25"/>
813,<rms id="25"/><rms id="26"/><rps id="24"/>
814,<rms id="25"/><rms id="27"/>
815,<rms id="25"/><rms id="29"/>
816,<rms id="25"/><rp id="23"/>
817,<rms id="26"/>
818,<rms id="26"/><rms id="27"/>
819,<rms id="26"/><rms id="27"/><rms id="28"/>
820,<rms id="26"/><rp id="23"/>
821,<rms id="26"/><rps id="25"/>
822,<rms id="27"/>
823,<rms id="27"/><rms id="28"/>
824,<rms id="27"/><rms id="29"/>
825,<rms id="27"/><rms id="30"/>
826,<rms id="27"/><rp id="15"/>
827,<rms id="27"/><rp id="19"/>
828,<rms id="27"/><rp id="20"/>
829,<rms id="27"/><rp id="22"/>
830,<rms id="27"/><rp id="24"/>
831,<rms id="27"/><rps id="25"/>
832,<rms id="28"/>
833,<rms id="28"/><rms id="30"/>
834,<rms id="28"/><rps id="25"/><rpnsub id="25"/>
835,<rms id="28"/><rps id="26"/>
836,<rms id="28"/><rps id="27"/>
837,<rms id="29"/>
838,<rms id="29"/><rms id="31"/>
839,<rms id="29"/><rps id="24"/><rpndel id="24"/>
840,<rms id="3"/>
841,<rms id="3"/><rm id="4"/>
842,<rms id="3"/><rm id="5"/>
843,<rms id="3"/><rm id="6"/>
844,<rms id="3"/><rms id="10"/>
845,<rms id="3"/><rms id="12"/>
846,<rms id="3"/><rms id="4"/>
847,<rms id="3"/><rms id="4"/><rms id="5"/>
848,<rms id="3"/><rms id="4"/><rms id="5"/><rms id="6"/>
849,<rms id="3"/><rms id="4"/><rms id="5"/><rms id="7"/>
850,<rms id="3"/><rms id="4"/><rms id="5"/><rms id="8"/>
851,<rms id="3"/><rms id="4"/><rms id="6"/>
852,<rms id="3"/><rms id="4"/><rms id="6"/><rms id="7"/>
853,<rms id="3"/><rms id="4"/><rms id="6"/><rms id="8"/><rms id="1"/>
854,<rms id="3"/><rms id="4"/><rms id="7"/>
855,<rms id="3"/><rms id="4"/><rms id="7"/><rms id="10"/>
856,<rms id="3"/><rms id="4"/><rms id="8"/>
857,<rms id="3"/><rms id="4"/><rps id="2"/>
858,<rms id="3"/><rms id="4"/><rps id="2"/><rm id="6"/>
859,<rms id="3"/><rms id="5"/>
860,<rms id="3"/><rms id="5"/><rms id="6"/>
861,<rms id="3"/><rms id="5"/><rms id="9"/>
862,<rms id="3"/><rms id="6"/>
863,<rms id="3"/><rms id="7"/>
864,<rms id="3"/><rms id="8"/>
865,<rms id="3"/><rms id="8"/><rms id="9"/>
866,<rms id="3"/><rms id="9"/>
867,<rms id="3"/><rp id="1"/>
868,<rms id="3"/><rps id="1"/>
869,<rms id="3"/><rps id="1"/><rpnrep id="1"/>
870,<rms id="3"/><rps id="2"/>
871,<rms id="3"/><rps id="2"/><rm id="4"/>
872,<rms id="3"/><rps id="2"/><rm id="5"/>
873,<rms id="3"/><rps id="2"/><rm id="6"/>
874,<rms id="3"/><rps id="2"/><rpnsub id="2"/>
875,<rms id="30"/>
876,<rms id="30"/><rms id="33"/>
877,<rms id="31"/>
878,<rms id="31"/><rm id="33"/>
879,<rms id="31"/><rms id="32"/>
880,<rms id="31"/><rms id="32"/><rps id="30"/>
881,<rms id="31"/><rp id="26"/>
882,<rms id="31"/><rps id="29"/><rpndel id="29"/>
883,<rms id="32"/>
884,<rms id="32"/><rp id="22"/>
885,<rms id="32"/><rps id="29"/><rpnrep id="29"/>
886,<rms id="32"/><rps id="31"/>
887,<rms id="33"/>
888,<rms id="33"/><rm id="35"/>
889,<rms id="33"/><rms id="34"/>
890,<rms id="33"/><rms id="36"/>
891,<rms id="34"/>
892,<rms id="34"/><rp id="27"/>
893,<rms id="34"/><rps id="29"/><rpndel id="29"/>
894,<rms id="34"/><rps id="33"/>
895,<rms id="35"/>
896,<rms id="35"/><rms id="37"/>
897,<rms id="35"/><rps id="33"/><rpnrep id="33"/>
898,<rms id="36"/>
899,<rms id="36"/><rp id="32"/>
900,<rms id="36"/><rps id="34"/><rpnrep id="34"/>
901,<rms id="37"/>
902,<rms id="37"/><rms id="38"/>
903,<rms id="37"/><rps id="33"/>
904,<rms id="38"/>
905,<rms id="38"/><rms id="39"/>
906,<rms id="38"/><rp id="36"/>
907,<rms id="39"/>
908,<rms id="39"/><rm id="43"/>
909,<rms id="4"/>
910,<rms id="4"/><rm id="11"/><rm id="18"/><rm id="20"/>
911,<rms id="4"/><rm id="13"/>
912,<rms id="4"/><rm id="5"/>
913,<rms id="4"/><rm id="6"/>
914,<rms id="4"/><rm id="9"/>
915,<rms id="4"/><rms id="10"/>
916,<rms id="4"/><rms id="11"/>
917,<rms id="4"/><rms id="12"/>
918,<rms id="4"/><rms id="3"/>
919,<rms id="4"/><rms id="5"/>
920,<rms id="4"/><rms id="5"/><rms id="6"/>
921,<rms id="4"/><rms id="5"/><rms id="7"/><rms id="8"/><rms id="3"/>
922,<rms id="4"/><rms id="5"/><rps id="3"/>
923,<rms id="4"/><rms id="6"/>
924,<rms id="4"/><rms id="6"/><rms id="10"/>
925,<rms id="4"/><rms id="6"/><rms id="8"/>
926,<rms id="4"/><rms id="6"/><rms id="9"/>
927,<rms id="4"/><rms id="6"/><rps id="3"/>
928,<rms id="4"/><rms id="7"/>
929,<rms id="4"/><rms id="8"/>
930,<rms id="4"/><rms id="9"/>
931,<rms id="4"/><rms id="9"/><rms id="21"/>
932,<rms id="4"/><rp id="1"/>
933,<rms id="4"/><rp id="2"/>
934,<rms id="4"/><rps id="1"/>
935,<rms id="4"/><rps id="1"/><rpnsub id="1"/>
936,<rms id="4"/><rps id="2"/>
937,<rms id="4"/><rps id="2"/><rpndel id="2"/>
938,<rms id="4"/><rps id="2"/><rpnrep id="2"/>
939,<rms id="4"/><rps id="3"/>
940,<rms id="4"/><rps id="3"/><rm id="6"/>
941,<rms id="4"/><rps id="3"/><rm id="9"/>
942,<rms id="4"/><rps id="3"/><rpndel id="3"/>
943,<rms id="4"/><rps id="3"/><rpnrep id="3"/>
944,<rms id="40"/>
945,<rms id="40"/><rms id="41"/>
946,<rms id="40"/><rms id="42"/>
947,<rms id="40"/><rms id="49"/>
948,<rms id="41"/>
949,<rms id="42"/>
950,<rms id="42"/><rps id="41"/>
951,<rms id="43"/>
952,<rms id="44"/>
953,<rms id="44"/><rp id="33"/>
954,<rms id="45"/>
955,<rms id="45"/><rms id="46"/>
956,<rms id="45"/><rps id="44"/>
957,<rms id="46"/>
958,<rms id="46"/><rps id="44"/>
959,<rms id="47"/>
960,<rms id="47"/><rms id="48"/>
961,<rms id="48"/>
962,<rms id="48"/><rms id="49"/>
963,<rms id="49"/>
964,<rms id="49"/><rms id="50"/>
965,<rms id="5"/>
966,<rms id="5"/><rm id="10"/>
967,<rms id="5"/><rm id="11"/>
968,<rms id="5"/><rm id="6"/>
969,<rms id="5"/><rm id="8"/>
970,<rms id="5"/><rm id="9"/>
971,<rms id="5"/><rms id="10"/>
972,<rms id="5"/><rms id="10"/><rms id="11"/>
973,<rms id="5"/><rms id="11"/>
974,<rms id="5"/><rms id="11"/><rm id="13"/>
975,<rms id="5"/><rms id="17"/>
976,<rms id="5"/><rms id="6"/>
977,<rms id="5"/><rms id="6"/><rms id="10"/>
978,<rms id="5"/><rms id="6"/><rms id="7"/>
979,<rms id="5"/><rms id="6"/><rms id="7"/><rm id="11"/>
980,<rms id="5"/><rms id="6"/><rms id="9"/>
981,<rms id="5"/><rms id="6"/><rps id="4"/>
982,<rms id="5"/><rms id="7"/>
983,<rms id="5"/><rms id="7"/><rms id="9"/>
984,<rms id="5"/><rms id="7"/><rps id="4"/>
985,<rms id="5"/><rms id="8"/>
986,<rms id="5"/><rms id="8"/><rms id="9"/>
987,<rms id="5"/><rms id="9"/>
988,<rms id="5"/><rp id="1"/>
989,<rms id="5"/><rp id="2"/>
990,<rms id="5"/><rp id="3"/>
991,<rms id="5"/><rpnsub id="3"/>
992,<rms id="5"/><rps id="2"/>
993,<rms id="5"/><rps id="2"/><rm id="6"/>
994,<rms id="5"/><rps id="3"/>
995,<rms id="5"/><rps id="4"/>
996,<rms id="5"/><rps id="4"/><rpnsub id="4"/>
997,<rms id="50"/>
998,<rms id="50"/><rp id="48"/>
999,<rms id="51"/>
1000,<rms id="51"/><rms id="52"/>
1001,<rms id="52"/>
1002,<rms id="54"/>
1003,<rms id="55"/>
1004,<rms id="56"/>
1005,<rms id="58"/>
1006,<rms id="59"/>
1007,<rms id="6"/>
1008,<rms id="6"/><rm id="10"/>
1009,<rms id="6"/><rm id="16"/>
1010,<rms id="6"/><rm id="7"/>
1011,<rms id="6"/><rms id="10"/>
1012,<rms id="6"/><rms id="11"/>
1013,<rms id="6"/><rms id="12"/>
1014,<rms id="6"/><rms id="14"/>
1015,<rms id="6"/><rms id="2"/>
1016,<rms id="6"/><rms id="7"/>
1017,<rms id="6"/><rms id="7"/><rms id="10"/>
1018,<rms id="6"/><rms id="7"/><rms id="8"/>
1019,<rms id="6"/><rms id="7"/><rms id="9"/>
1020,<rms id="6"/><rms id="7"/><rms id="9"/><rps id="5"/>
1021,<rms id="6"/><rms id="7"/><rps id="5"/>
1022,<rms id="6"/><rms id="8"/>
1023,<rms id="6"/><rms id="8"/><rms id="10"/>
1024,<rms id="6"/><rms id="8"/><rp id="1"/>
1025,<rms id="6"/><rms id="8"/><rps id="3"/>
1026,<rms id="6"/><rms id="9"/>
1027,<rms id="6"/><rp id="1"/><rm id="10"/>
1028,<rms id="6"/><rp id="2"/>
1029,<rms id="6"/><rp id="3"/>
1030,<rms id="6"/><rp id="3"/><rm id="9"/>
1031,<rms id="6"/><rp id="4"/>
1032,<rms id="6"/><rp id="4"/><rp id="3"/>
1033,<rms id="6"/><rpnsub id="3"/>
1034,<rms id="6"/><rpnsub id="4"/>
1035,<rms id="6"/><rps id="2"/>
1036,<rms id="6"/><rps id="3"/><rpnrep id="3"/>
1037,<rms id="6"/><rps id="4"/>
1038,<rms id="6"/><rps id="4"/><rpndel id="4"/>
1039,<rms id="6"/><rps id="5"/>
1040,<rms id="6"/><rps id="5"/><rpnrep id="5"/>
1041,<rms id="60"/>
1042,<rms id="61"/>
1043,<rms id="62"/>
1044,<rms id="7"/>
1045,<rms id="7"/><rm id="10"/>
1046,<rms id="7"/><rm id="11"/><rm id="13"/>
1047,<rms id="7"/><rm id="13"/>
1048,<rms id="7"/><rm id="8"/>
1049,<rms id="7"/><rm id="9"/>
1050,<rms id="7"/><rms id="10"/>
1051,<rms id="7"/><rms id="10"/><rms id="12"/>
1052,<rms id="7"/><rms id="11"/>
1053,<rms id="7"/><rms id="12"/>
1054,<rms id="7"/><rms id="13"/>
1055,<rms id="7"/><rms id="6"/>
1056,<rms id="7"/><rms id="8"/>
1057,<rms id="7"/><rms id="8"/><rms id="10"/>
1058,<rms id="7"/><rms id="8"/><rms id="9"/>
1059,<rms id="7"/><rms id="9"/>
1060,<rms id="7"/><rms id="9"/><rps id="4"/>
1061,<rms id="7"/><rp id="1"/>
1062,<rms id="7"/><rp id="3"/>
1063,<rms id="7"/><rp id="4"/>
1064,<rms id="7"/><rp id="5"/>
1065,<rms id="7"/><rpnsub id="5"/>
1066,<rms id="7"/><rps id="4"/>
1067,<rms id="7"/><rps id="5"/>
1068,<rms id="7"/><rps id="6"/>
1069,<rms id="7"/><rps id="6"/><rm id="9"/>
1070,<rms id="7"/><rps id="6"/><rp id="4"/>
1071,<rms id="7"/><rps id="6"/><rpnrep id="6"/>
1072,<rms id="70"/>
1073,<rms id="71"/>
1074,<rms id="77"/>
1075,<rms id="8"/>
1076,<rms id="8"/><rm id="9"/>
1077,<rms id="8"/><rms id="10"/>
1078,<rms id="8"/><rms id="11"/>
1079,<rms id="8"/><rms id="12"/>
1080,<rms id="8"/><rms id="13"/>
1081,<rms id="8"/><rms id="14"/>
1082,<rms id="8"/><rms id="19"/>
1083,<rms id="8"/><rms id="9"/>
1084,<rms id="8"/><rms id="9"/><rms id="10"/><rps id="7"/>
1085,<rms id="8"/><rms id="9"/><rp id="2"/>
1086,<rms id="8"/><rms id="9"/><rp id="6"/>
1087,<rms id="8"/><rms id="9"/><rps id="7"/>
1088,<rms id="8"/><rp id="1"/>
1089,<rms id="8"/><rp id="3"/>
1090,<rms id="8"/><rp id="4"/>
1091,<rms id="8"/><rp id="4"/><rm id="12"/>
1092,<rms id="8"/><rp id="5"/>
1093,<rms id="8"/><rp id="6"/>
1094,<rms id="8"/><rpnrep id="5"/>
1095,<rms id="8"/><rpnrep id="6"/>
1096,<rms id="8"/><rps id="2"/><rpnsub id="2"/>
1097,<rms id="8"/><rps id="4"/><rpnsub id="4"/>
1098,<rms id="8"/><rps id="5"/>
1099,<rms id="8"/><rps id="6"/>
1100,<rms id="8"/><rps id="7"/>
1101,<rms id="8"/><rps id="7"/><rpnrep id="7"/>
1102,<rms id="84"/>
1103,<rms id="9"/>
1104,<rms id="9"/><rm id="11"/>
1105,<rms id="9"/><rm id="12"/>
1106,<rms id="9"/><rm id="13"/>
1107,<rms id="9"/><rm id="14"/>
1108,<rms id="9"/><rms id="10"/>
1109,<rms id="9"/><rms id="10"/><rms id="11"/>
1110,<rms id="9"/><rms id="10"/><rms id="19"/>
1111,<rms id="9"/><rms id="11"/>
1112,<rms id="9"/><rms id="11"/><rms id="14"/>
1113,<rms id="9"/><rms id="12"/>
1114,<rms id="9"/><rms id="13"/>
1115,<rms id="9"/><rms id="13"/><rms id="18"/>
1116,<rms id="9"/><rms id="15"/>
1117,<rms id="9"/><rms id="20"/>
1118,<rms id="9"/><rp id="3"/>
1119,<rms id="9"/><rp id="4"/>
1120,<rms id="9"/><rp id="5"/>
1121,<rms id="9"/><rp id="6"/>
1122,<rms id="9"/><rp id="7"/>
1123,<rms id="9"/><rpnsub id="2"/><rps id="5"/><rpndel id="5"/>
1124,<rms id="9"/><rps id="4"/>
1125,<rms id="9"/><rps id="5"/>
1126,<rms id="9"/><rps id="5"/><rpnrep id="5"/>
1127,<rms id="9"/><rps id="6"/>
1128,<rms id="9"/><rps id="6"/><rpnrep id="6"/>
1129,<rms id="9"/><rps id="7"/>
1130,<rms id="9"/><rps id="7"/><rpndel id="7"/>
1131,<rms id="9"/><rps id="8"/>
1132,<rms id="9"/><rps id="8"/><rpndel id="8"/>
1133,<rms id="9"/><rps id="8"/><rpnrep id="8"/>
1134,<rms id="9"/><rps id="8"/><rpnsub id="8"/>
1135,<rp id="1"/>
1136,<rp id="1"/><rm id="10"/>
1137,<rp id="1"/><rm id="12"/><rm id="13"/>
1138,<rp id="1"/><rm id="3"/>
1139,<rp id="1"/><rm id="4"/>
1140,<rp id="1"/><rm id="5"/>
1141,<rp id="1"/><rm id="5"/><rm id="8"/>
1142,<rp id="1"/><rm id="6"/>
1143,<rp id="1"/><rm id="9"/>
1144,<rp id="1"/><rpnrep id="3"/>
1145,<rp id="1"/><rpnrep id="4"/>
1146,<rp id="1"/><rps id="2"/><rpnrep id="2"/>
1147,<rp id="1"/><rps id="3"/>
1148,<rp id="1"/><rps id="4"/>
1149,<rp id="10"/>
1150,<rp id="10"/><rm id="19"/>
1151,<rp id="10"/><rm id="20"/>
1152,<rp id="10"/><rp id="8"/>
1153,<rp id="10"/><rp id="9"/>
1154,<rp id="10"/><rpnsub id="11"/>
1155,<rp id="10"/><rpnsub id="12"/>
1156,<rp id="11"/>
1157,<rp id="11"/><rm id="14"/>
1158,<rp id="11"/><rm id="15"/>
1159,<rp id="11"/><rm id="17"/>
1160,<rp id="11"/><rm id="18"/><rm id="20"/>
1161,<rp id="11"/><rp id="10"/><rpnsub id="12"/>
1162,<rp id="11"/><rpnrep id="13"/>
1163,<rp id="12"/>
1164,<rp id="12"/><rm id="15"/><rm id="19"/>
1165,<rp id="12"/><rm id="17"/>
1166,<rp id="12"/><rp id="11"/><rp id="10"/>
1167,<rp id="12"/><rps id="13"/><rpnrep id="13"/>
1168,<rp id="13"/>
1169,<rp id="13"/><rm id="15"/>
1170,<rp id="13"/><rm id="16"/>
1171,<rp id="13"/><rm id="18"/>
1172,<rp id="13"/><rms id="16"/>
1173,<rp id="13"/><rpnrep id="15"/>
1174,<rp id="13"/><rpnsub id="18"/>
1175,<rp id="13"/><rpnsub id="19"/>
1176,<rp id="14"/>
1177,<rp id="14"/><rm id="19"/>
1178,<rp id="14"/><rms id="17"/>
1179,<rp id="14"/><rp id="7"/>
1180,<rp id="15"/>
1181,<rp id="15"/><rm id="21"/>
1182,<rp id="15"/><rm id="22"/>
1183,<rp id="15"/><rm id="26"/>
1184,<rp id="15"/><rms id="21"/>
1185,<rp id="15"/><rp id="10"/>
1186,<rp id="15"/><rp id="12"/>
1187,<rp id="15"/><rp id="21"/>
1188,<rp id="15"/><rpnsub id="17"/>
1189,<rp id="15"/><rps id="16"/><rpnrep id="16"/>
1190,<rp id="15"/><rps id="18"/><rpndel id="18"/>
1191,<rp id="15"/><rps id="21"/>
1192,<rp id="16"/>
1193,<rp id="16"/><rm id="19"/>
1194,<rp id="16"/><rm id="21"/>
1195,<rp id="17"/>
1196,<rp id="17"/><rp id="15"/>
1197,<rp id="17"/><rps id="18"/><rpndel id="18"/>
1198,<rp id="17"/><rps id="18"/><rpnrep id="18"/>
1199,<rp id="17"/><rps id="18"/><rpnsub id="18"/>
1200,<rp id="18"/>
1201,<rp id="18"/><rm id="22"/>
1202,<rp id="18"/><rm id="25"/>
1203,<rp id="18"/><rms id="21"/>
1204,<rp id="18"/><rp id="13"/>
1205,<rp id="18"/><rp id="9"/>
1206,<rp id="18"/><rps id="21"/><rpnsub id="21"/>
1207,<rp id="19"/>
1208,<rp id="19"/><rm id="24"/>
1209,<rp id="19"/><rp id="13"/>
1210,<rp id="19"/><rp id="15"/>
1211,<rp id="19"/><rpnrep id="21"/>
1212,<rp id="2"/>
1213,<rp id="2"/><rm id="10"/>
1214,<rp id="2"/><rm id="11"/>
1215,<rp id="2"/><rm id="14"/>
1216,<rp id="2"/><rm id="4"/>
1217,<rp id="2"/><rm id="5"/>
1218,<rp id="2"/><rm id="5"/><rm id="7"/>
1219,<rp id="2"/><rm id="5"/><rm id="8"/>
1220,<rp id="2"/><rm id="6"/>
1221,<rp id="2"/><rm id="6"/><rm id="7"/><rm id="8"/>
1222,<rp id="2"/><rm id="7"/>
1223,<rp id="2"/><rm id="8"/>
1224,<rp id="2"/><rm id="8"/><rm id="12"/>
1225,<rp id="2"/><rm id="9"/>
1226,<rp id="2"/><rms id="8"/><rms id="9"/>
1227,<rp id="2"/><rpnrep id="4"/>
1228,<rp id="2"/><rpnsub id="1"/>
1229,<rp id="2"/><rpnsub id="4"/>
1230,<rp id="2"/><rpnsub id="6"/>
1231,<rp id="2"/><rps id="3"/><rpnrep id="3"/>
1232,<rp id="2"/><rps id="4"/>
1233,<rp id="2"/><rps id="8"/><rm id="9"/><rpnrep id="8"/>
1234,<rp id="20"/>
1235,<rp id="21"/>
1236,<rp id="21"/><rm id="24"/>
1237,<rp id="21"/><rm id="25"/>
1238,<rp id="21"/><rms id="25"/>
1239,<rp id="21"/><rp id="16"/>
1240,<rp id="21"/><rps id="25"/><rpnrep id="25"/>
1241,<rp id="22"/>
1242,<rp id="22"/><rm id="27"/>
1243,<rp id="22"/><rpnrep id="24"/>
1244,<rp id="23"/>
1245,<rp id="23"/><rm id="27"/>
1246,<rp id="23"/><rps id="24"/><rpnrep id="24"/>
1247,<rp id="24"/>
1248,<rp id="24"/><rpnsub id="27"/>
1249,<rp id="25"/>
1250,<rp id="25"/><rpnsub id="27"/>
1251,<rp id="26"/>
1252,<rp id="26"/><rpnrep id="28"/>
1253,<rp id="27"/>
1254,<rp id="27"/><rm id="30"/>
1255,<rp id="27"/><rp id="15"/>
1256,<rp id="27"/><rp id="24"/>
1257,<rp id="27"/><rpnsub id="28"/>
1258,<rp id="27"/><rpnsub id="34"/>
1259,<rp id="28"/>
1260,<rp id="28"/><rp id="27"/>
1261,<rp id="29"/>
1262,<rp id="29"/><rm id="32"/>
1263,<rp id="29"/><rms id="32"/>
1264,<rp id="3"/>
1265,<rp id="3"/><rm id="10"/>
1266,<rp id="3"/><rm id="12"/>
1267,<rp id="3"/><rm id="6"/>
1268,<rp id="3"/><rm id="7"/>
1269,<rp id="3"/><rm id="8"/>
1270,<rp id="3"/><rm id="8"/><rm id="9"/>
1271,<rp id="3"/><rm id="9"/>
1272,<rp id="3"/><rms id="7"/>
1273,<rp id="3"/><rms id="8"/>
1274,<rp id="3"/><rpnrep id="5"/>
1275,<rp id="3"/><rpnsub id="4"/>
1276,<rp id="3"/><rpnsub id="5"/>
1277,<rp id="3"/><rps id="4"/><rpnrep id="4"/>
1278,<rp id="3"/><rps id="4"/><rpnsub id="4"/>
1279,<rp id="3"/><rps id="8"/>
1280,<rp id="30"/>
1281,<rp id="31"/>
1282,<rp id="31"/><rps id="32"/><rpnrep id="32"/>
1283,<rp id="32"/>
1284,<rp id="33"/>
1285,<rp id="33"/><rpnsub id="37"/>
1286,<rp id="33"/><rps id="34"/><rpnrep id="34"/>
1287,<rp id="34"/>
1288,<rp id="34"/><rp id="27"/>
1289,<rp id="35"/>
1290,<rp id="36"/>
1291,<rp id="37"/>
1292,<rp id="37"/><rp id="33"/>
1293,<rp id="38"/>
1294,<rp id="39"/>
1295,<rp id="4"/>
1296,<rp id="4"/><rm id="10"/>
1297,<rp id="4"/><rm id="11"/>
1298,<rp id="4"/><rm id="12"/>
1299,<rp id="4"/><rm id="13"/>
1300,<rp id="4"/><rm id="13"/><rp id="10"/>
1301,<rp id="4"/><rm id="7"/>
1302,<rp id="4"/><rm id="7"/><rp id="3"/>
1303,<rp id="4"/><rm id="8"/>
1304,<rp id="4"/><rm id="9"/>
1305,<rp id="4"/><rm id="9"/><rm id="21"/>
1306,<rp id="4"/><rms id="13"/><rp id="10"/>
1307,<rp id="4"/><rms id="7"/>
1308,<rp id="4"/><rms id="9"/>
1309,<rp id="4"/><rp id="1"/>
1310,<rp id="4"/><rp id="10"/><rpnsub id="13"/>
1311,<rp id="4"/><rp id="3"/>
1312,<rp id="4"/><rp id="3"/><rpnsub id="7"/>
1313,<rp id="4"/><rp id="9"/>
1314,<rp id="4"/><rpnrep id="6"/>
1315,<rp id="4"/><rpnsub id="5"/>
1316,<rp id="4"/><rpnsub id="6"/>
1317,<rp id="4"/><rpnsub id="7"/>
1318,<rp id="4"/><rpnsub id="9"/>
1319,<rp id="4"/><rps id="10"/>
1320,<rp id="4"/><rps id="13"/><rp id="10"/>
1321,<rp id="4"/><rps id="5"/><rpnrep id="5"/>
1322,<rp id="4"/><rps id="6"/><rpndel id="6"/>
1323,<rp id="4"/><rps id="7"/><rp id="3"/>
1324,<rp id="4"/><rps id="7"/><rpndel id="7"/>
1325,<rp id="4"/><rps id="7"/><rpnrep id="7"/>
1326,<rp id="4"/><rps id="9"/>
1327,<rp id="40"/>
1328,<rp id="41"/>
1329,<rp id="42"/>
1330,<rp id="43"/>
1331,<rp id="44"/>
1332,<rp id="44"/><rpnrep id="46"/>
1333,<rp id="45"/>
1334,<rp id="46"/>
1335,<rp id="47"/>
1336,<rp id="48"/>
1337,<rp id="49"/>
1338,<rp id="5"/>
1339,<rp id="5"/><rm id="10"/>
1340,<rp id="5"/><rm id="10"/><rm id="11"/>
1341,<rp id="5"/><rm id="11"/>
1342,<rp id="5"/><rm id="8"/>
1343,<rp id="5"/><rm id="9"/>
1344,<rp id="5"/><rms id="12"/>
1345,<rp id="5"/><rms id="7"/>
1346,<rp id="5"/><rms id="8"/>
1347,<rp id="5"/><rms id="9"/><rps id="8"/>
1348,<rp id="5"/><rp id="2"/>
1349,<rp id="5"/><rpnrep id="7"/>
1350,<rp id="5"/><rpnsub id="9"/>
1351,<rp id="5"/><rps id="12"/>
1352,<rp id="5"/><rps id="6"/><rm id="7"/><rpnrep id="6"/>
1353,<rp id="5"/><rps id="6"/><rpnrep id="6"/>
1354,<rp id="5"/><rps id="7"/><rpnsub id="7"/>
1355,<rp id="50"/>
1356,<rp id="6"/>
1357,<rp id="6"/><rm id="10"/>
1358,<rp id="6"/><rm id="10"/><rm id="11"/>
1359,<rp id="6"/><rm id="14"/>
1360,<rp id="6"/><rm id="9"/>
1361,<rp id="6"/><rms id="10"/>
1362,<rp id="6"/><rms id="12"/>
1363,<rp id="6"/><rms id="16"/>
1364,<rp id="6"/><rms id="9"/>
1365,<rp id="6"/><rp id="2"/>
1366,<rp id="6"/><rp id="3"/>
1367,<rp id="6"/><rpnsub id="2"/>
1368,<rp id="6"/><rpnsub id="7"/>
1369,<rp id="6"/><rps id="10"/>
1370,<rp id="6"/><rps id="10"/><rm id="11"/><rpnsub id="10"/>
1371,<rp id="6"/><rps id="12"/><rpnrep id="12"/>
1372,<rp id="6"/><rps id="16"/><rpnsub id="16"/>
1373,<rp id="6"/><rps id="7"/><rpnrep id="7"/>
1374,<rp id="6"/><rps id="8"/><rpnsub id="8"/>
1375,<rp id="6"/><rps id="9"/><rpnsub id="9"/>
1376,<rp id="7"/>
1377,<rp id="7"/><rm id="10"/>
1378,<rp id="7"/><rm id="11"/>
1379,<rp id="7"/><rm id="13"/>
1380,<rp id="7"/><rms id="11"/>
1381,<rp id="7"/><rp id="3"/>
1382,<rp id="7"/><rp id="4"/>
1383,<rp id="7"/><rp id="6"/>
1384,<rp id="7"/><rpnrep id="15"/>
1385,<rp id="7"/><rpnrep id="9"/>
1386,<rp id="7"/><rpnsub id="12"/>
1387,<rp id="7"/><rpnsub id="14"/>
1388,<rp id="7"/><rps id="10"/><rpndel id="10"/>
1389,<rp id="7"/><rps id="11"/><rpnrep id="11"/>
1390,<rp id="7"/><rps id="9"/><rpndel id="9"/>
1391,<rp id="8"/>
1392,<rp id="8"/><rm id="11"/>
1393,<rp id="8"/><rm id="12"/>
1394,<rp id="8"/><rm id="13"/>
1395,<rp id="8"/><rp id="1"/>
1396,<rp id="8"/><rpnrep id="10"/>
1397,<rp id="8"/><rpnsub id="10"/>
1398,<rp id="8"/><rpnsub id="3"/>
1399,<rp id="9"/>
1400,<rp id="9"/><rm id="12"/>
1401,<rp id="9"/><rm id="13"/>
1402,<rp id="9"/><rm id="13"/><rm id="18"/>
1403,<rp id="9"/><rm id="17"/>
1404,<rp id="9"/><rm id="20"/>
1405,<rp id="9"/><rm id="21"/>
1406,<rp id="9"/><rms id="17"/>
1407,<rp id="9"/><rp id="17"/>
1408,<rp id="9"/><rp id="4"/>
1409,<rp id="9"/><rp id="5"/>
1410,<rp id="9"/><rp id="6"/>
1411,<rp id="9"/><rpnrep id="13"/>
1412,<rp id="9"/><rpnsub id="18"/>
1413,<rp id="9"/><rps id="17"/>
1414,<rpnrep id="10"/>
1415,<rpnrep id="11"/>
1416,<rpnrep id="12"/>
1417,<rpnrep id="13"/>
1418,<rpnrep id="14"/>
1419,<rpnrep id="15"/>
1420,<rpnrep id="15"/><rpnsub id="12"/>
1421,<rpnrep id="16"/>
1422,<rpnrep id="17"/>
1423,<rpnrep id="17"/><rpnsub id="14"/>
1424,<rpnrep id="18"/>
1425,<rpnrep id="19"/>
1426,<rpnrep id="2"/>
1427,<rpnrep id="20"/>
1428,<rpnrep id="21"/>
1429,<rpnrep id="22"/>
1430,<rpnrep id="23"/>
1431,<rpnrep id="24"/>
1432,<rpnrep id="25"/>
1433,<rpnrep id="26"/>
1434,<rpnrep id="27"/>
1435,<rpnrep id="28"/>
1436,<rpnrep id="29"/>
1437,<rpnrep id="3"/>
1438,<rpnrep id="3"/><rpnsub id="1"/>
1439,<rpnrep id="30"/>
1440,<rpnrep id="31"/>
1441,<rpnrep id="32"/>
1442,<rpnrep id="33"/>
1443,<rpnrep id="34"/>
1444,<rpnrep id="35"/>
1445,<rpnrep id="36"/>
1446,<rpnrep id="37"/>
1447,<rpnrep id="38"/>
1448,<rpnrep id="4"/>
1449,<rpnrep id="4"/><rpnsub id="1"/>
1450,<rpnrep id="4"/><rpnsub id="2"/>
1451,<rpnrep id="40"/>
1452,<rpnrep id="42"/>
1453,<rpnrep id="48"/>
1454,<rpnrep id="5"/>
1455,<rpnrep id="5"/><rpnsub id="2"/>
1456,<rpnrep id="52"/>
1457,<rpnrep id="6"/>
1458,<rpnrep id="6"/><rpnsub id="4"/>
1459,<rpnrep id="7"/>
1460,<rpnrep id="7"/><rpnsub id="5"/>
1461,<rpnrep id="77"/>
1462,<rpnrep id="8"/>
1463,<rpnrep id="9"/>
1464,<rpnrep id="9"/><rpnsub id="4"/>
1465,<rpnrep id="9"/><rpnsub id="7"/>
1466,<rpnsub id="1"/>
1467,<rpnsub id="1"/><rps id="4"/><rpndel id="4"/>
1468,<rpnsub id="10"/>
1469,<rpnsub id="10"/><rpnsub id="3"/>
1470,<rpnsub id="10"/><rpnsub id="9"/>
1471,<rpnsub id="11"/>
1472,<rpnsub id="11"/><rps id="15"/><rpndel id="15"/>
1473,<rpnsub id="12"/>
1474,<rpnsub id="12"/><rpnsub id="10"/>
1475,<rpnsub id="12"/><rpnsub id="9"/>
1476,<rpnsub id="12"/><rps id="13"/><rpndel id="13"/>
1477,<rpnsub id="13"/>
1478,<rpnsub id="13"/><rpnsub id="11"/>
1479,<rpnsub id="13"/><rpnsub id="5"/>
1480,<rpnsub id="14"/>
1481,<rpnsub id="14"/><rps id="17"/><rpndel id="17"/>
1482,<rpnsub id="15"/>
1483,<rpnsub id="15"/><rpnsub id="10"/>
1484,<rpnsub id="15"/><rpnsub id="21"/>
1485,<rpnsub id="15"/><rpnsub id="9"/>
1486,<rpnsub id="16"/>
1487,<rpnsub id="17"/>
1488,<rpnsub id="18"/>
1489,<rpnsub id="18"/><rm id="22"/>
1490,<rpnsub id="19"/>
1491,<rpnsub id="19"/><rpnsub id="10"/>
1492,<rpnsub id="19"/><rpnsub id="15"/>
1493,<rpnsub id="19"/><rps id="21"/><rpndel id="21"/>
1494,<rpnsub id="2"/>
1495,<rpnsub id="2"/><rps id="4"/><rpndel id="4"/>
1496,<rpnsub id="20"/>
1497,<rpnsub id="20"/><rpnsub id="15"/>
1498,<rpnsub id="21"/>
1499,<rpnsub id="21"/><rpnsub id="16"/>
1500,<rpnsub id="22"/>
1501,<rpnsub id="22"/><rps id="24"/><rpndel id="24"/>
1502,<rpnsub id="23"/>
1503,<rpnsub id="24"/>
1504,<rpnsub id="25"/>
1505,<rpnsub id="26"/>
1506,<rpnsub id="27"/>
1507,<rpnsub id="27"/><rpnsub id="15"/>
1508,<rpnsub id="28"/>
1509,<rpnsub id="28"/><rpnsub id="27"/>
1510,<rpnsub id="29"/>
1511,<rpnsub id="3"/>
1512,<rpnsub id="3"/><rpnsub id="1"/>
1513,<rpnsub id="30"/>
1514,<rpnsub id="31"/>
1515,<rpnsub id="32"/>
1516,<rpnsub id="33"/>
1517,<rpnsub id="34"/>
1518,<rpnsub id="35"/>
1519,<rpnsub id="36"/>
1520,<rpnsub id="37"/>
1521,<rpnsub id="38"/>
1522,<rpnsub id="39"/>
1523,<rpnsub id="4"/>
1524,<rpnsub id="4"/><rpnsub id="1"/>
1525,<rpnsub id="4"/><rpnsub id="10"/>
1526,<rpnsub id="4"/><rpnsub id="2"/>
1527,<rpnsub id="4"/><rpnsub id="3"/>
1528,<rpnsub id="4"/><rpnsub id="9"/>
1529,<rpnsub id="40"/>
1530,<rpnsub id="41"/>
1531,<rpnsub id="42"/>
1532,<rpnsub id="43"/>
1533,<rpnsub id="44"/>
1534,<rpnsub id="44"/><rpnsub id="33"/>
1535,<rpnsub id="45"/>
1536,<rpnsub id="46"/>
1537,<rpnsub id="47"/>
1538,<rpnsub id="48"/>
1539,<rpnsub id="49"/>
1540,<rpnsub id="5"/>
1541,<rpnsub id="5"/><rpnsub id="12"/>
1542,<rpnsub id="5"/><rps id="8"/><rpndel id="8"/>
1543,<rpnsub id="50"/>
1544,<rpnsub id="51"/>
1545,<rpnsub id="6"/>
1546,<rpnsub id="6"/><rpnrep id="10"/>
1547,<rpnsub id="6"/><rpnsub id="2"/>
1548,<rpnsub id="6"/><rpnsub id="3"/>
1549,<rpnsub id="7"/>
1550,<rpnsub id="7"/><rpnsub id="3"/>
1551,<rpnsub id="8"/>
1552,<rpnsub id="8"/><rpnsub id="1"/>
1553,<rpnsub id="8"/><rpnsub id="5"/>
1554,<rpnsub id="9"/>
1555,<rpnsub id="9"/><rpnsub id="17"/>
1556,<rpnsub id="9"/><rpnsub id="4"/>
1557,<rpnsub id="9"/><rpnsub id="6"/>
1558,<rpnsub id="9"/><rps id="12"/><rpndel id="12"/>
1559,<rps id="1"/>
1560,<rps id="1"/><rm id="10"/>
1561,<rps id="1"/><rm id="12"/><rm id="13"/>
1562,<rps id="1"/><rm id="2"/><rm id="3"/><rm id="4"/><rpnrep id="1"/>
1563,<rps id="1"/><rm id="2"/><rm id="3"/><rm id="5"/><rpnrep id="1"/>
1564,<rps id="1"/><rm id="2"/><rm id="3"/><rpnrep id="1"/>
1565,<rps id="1"/><rm id="2"/><rm id="3"/><rpnsub id="1"/>
1566,<rps id="1"/><rm id="2"/><rm id="4"/><rpnrep id="1"/>
1567,<rps id="1"/><rm id="2"/><rm id="4"/><rpnsub id="1"/>
1568,<rps id="1"/><rm id="2"/><rm id="5"/><rm id="7"/><rpnrep id="1"/>
1569,<rps id="1"/><rm id="2"/><rm id="5"/><rpnrep id="1"/>
1570,<rps id="1"/><rm id="2"/><rm id="5"/><rpnsub id="1"/>
1571,<rps id="1"/><rm id="2"/><rm id="6"/><rpnrep id="1"/>
1572,<rps id="1"/><rm id="2"/><rm id="8"/><rpnrep id="1"/>
1573,<rps id="1"/><rm id="2"/><rpnrep id="1"/>
1574,<rps id="1"/><rm id="2"/><rpnsub id="1"/>
1575,<rps id="1"/><rm id="3"/>
1576,<rps id="1"/><rm id="3"/><rm id="4"/>
1577,<rps id="1"/><rm id="3"/><rm id="4"/><rm id="5"/>
1578,<rps id="1"/><rm id="3"/><rm id="4"/><rpnrep id="1"/>
1579,<rps id="1"/><rm id="3"/><rm id="5"/><rm id="6"/><rpnrep id="1"/>
1580,<rps id="1"/><rm id="3"/><rm id="5"/><rpnrep id="1"/>
1581,<rps id="1"/><rm id="3"/><rm id="6"/><rpnsub id="1"/>
1582,<rps id="1"/><rm id="3"/><rm id="7"/>
1583,<rps id="1"/><rm id="3"/><rpnrep id="1"/>
1584,<rps id="1"/><rm id="3"/><rpnsub id="1"/>
1585,<rps id="1"/><rm id="4"/>
1586,<rps id="1"/><rm id="4"/><rm id="7"/><rpnsub id="1"/>
1587,<rps id="1"/><rm id="4"/><rpnrep id="1"/>
1588,<rps id="1"/><rm id="4"/><rpnsub id="1"/>
1589,<rps id="1"/><rm id="5"/>
1590,<rps id="1"/><rm id="5"/><rm id="6"/>
1591,<rps id="1"/><rm id="5"/><rm id="8"/>
1592,<rps id="1"/><rm id="5"/><rpnrep id="1"/>
1593,<rps id="1"/><rm id="5"/><rpnsub id="1"/>
1594,<rps id="1"/><rm id="6"/>
1595,<rps id="1"/><rm id="6"/><rpnrep id="1"/>
1596,<rps id="1"/><rm id="7"/><rpnrep id="1"/>
1597,<rps id="1"/><rm id="8"/><rpnrep id="1"/>
1598,<rps id="1"/><rm id="9"/>
1599,<rps id="1"/><rms id="2"/>
1600,<rps id="1"/><rms id="2"/><rpnsub id="1"/>
1601,<rps id="1"/><rms id="3"/>
1602,<rps id="1"/><rms id="4"/>
1603,<rps id="1"/><rpndel id="1"/>
1604,<rps id="1"/><rpndel id="1"/><rms id="2"/>
1605,<rps id="1"/><rpndel id="1"/><rms id="2"/><rms id="3"/>
1606,<rps id="1"/><rpndel id="1"/><rms id="3"/>
1607,<rps id="1"/><rpndel id="1"/><rms id="4"/>
1608,<rps id="1"/><rpndel id="1"/><rms id="4"/><rms id="13"/>
1609,<rps id="1"/><rpnrep id="1"/>
1610,<rps id="1"/><rpnsub id="1"/>
1611,<rps id="10"/>
1612,<rps id="10"/><rm id="11"/><rm id="12"/><rpnrep id="10"/>
1613,<rps id="10"/><rm id="11"/><rm id="18"/><rm id="20"/><rpnsub id="10"/>
1614,<rps id="10"/><rm id="11"/><rpnrep id="10"/>
1615,<rps id="10"/><rm id="11"/><rpnsub id="10"/>
1616,<rps id="10"/><rm id="12"/>
1617,<rps id="10"/><rm id="12"/><rpnrep id="10"/>
1618,<rps id="10"/><rm id="12"/><rpnsub id="10"/>
1619,<rps id="10"/><rm id="13"/><rpnsub id="10"/>
1620,<rps id="10"/><rm id="19"/>
1621,<rps id="10"/><rp id="3"/>
1622,<rps id="10"/><rp id="3"/><rpnsub id="10"/>
1623,<rps id="10"/><rp id="7"/><rpnrep id="10"/>
1624,<rps id="10"/><rp id="7"/><rpnsub id="10"/>
1625,<rps id="10"/><rp id="8"/>
1626,<rps id="10"/><rp id="9"/>
1627,<rps id="10"/><rp id="9"/><rpnrep id="10"/>
1628,<rps id="10"/><rpndel id="10"/>
1629,<rps id="10"/><rpndel id="10"/><rm id="11"/><rpnsub id="9"/>
1630,<rps id="10"/><rpndel id="10"/><rms id="11"/>
1631,<rps id="10"/><rpndel id="10"/><rp id="7"/>
1632,<rps id="10"/><rpndel id="10"/><rp id="9"/>
1633,<rps id="10"/><rpndel id="10"/><rpnsub id="6"/>
1634,<rps id="10"/><rpnrep id="10"/>
1635,<rps id="10"/><rpnrep id="10"/><rpnsub id="3"/>
1636,<rps id="10"/><rpnrep id="10"/><rpnsub id="5"/>
1637,<rps id="10"/><rpnrep id="10"/><rpnsub id="7"/>
1638,<rps id="10"/><rpnsub id="10"/>
1639,<rps id="10"/><rpnsub id="10"/><rpnsub id="8"/>
1640,<rps id="10"/><rpnsub id="10"/><rpnsub id="9"/>
1641,<rps id="10"/><rpnsub id="9"/>
1642,<rps id="11"/>
1643,<rps id="11"/><rm id="12"/><rp id="10"/><rm id="19"/><rpnrep id="11"/>
1644,<rps id="11"/><rm id="12"/><rp id="10"/><rpnrep id="11"/>
1645,<rps id="11"/><rm id="12"/><rpnrep id="11"/>
1646,<rps id="11"/><rm id="12"/><rpnsub id="11"/>
1647,<rps id="11"/><rm id="13"/>
1648,<rps id="11"/><rm id="13"/><rm id="14"/>
1649,<rps id="11"/><rm id="13"/><rm id="16"/><rpnrep id="11"/>
1650,<rps id="11"/><rm id="13"/><rpnrep id="11"/>
1651,<rps id="11"/><rm id="13"/><rpnsub id="11"/>
1652,<rps id="11"/><rm id="14"/>
1653,<rps id="11"/><rm id="14"/><rpnrep id="11"/>
1654,<rps id="11"/><rm id="14"/><rpnsub id="11"/>
1655,<rps id="11"/><rm id="15"/>
1656,<rps id="11"/><rm id="17"/>
1657,<rps id="11"/><rm id="18"/><rm id="20"/>
1658,<rps id="11"/><rms id="13"/>
1659,<rps id="11"/><rms id="15"/>
1660,<rps id="11"/><rp id="10"/><rm id="20"/><rpnsub id="11"/>
1661,<rps id="11"/><rp id="10"/><rpnrep id="11"/>
1662,<rps id="11"/><rp id="10"/><rpnsub id="11"/>
1663,<rps id="11"/><rp id="3"/><rpnrep id="11"/>
1664,<rps id="11"/><rp id="4"/><rpnrep id="11"/>
1665,<rps id="11"/><rp id="5"/><rpnsub id="11"/>
1666,<rps id="11"/><rp id="7"/><rpnrep id="11"/>
1667,<rps id="11"/><rp id="7"/><rpnsub id="11"/>
1668,<rps id="11"/><rp id="8"/>
1669,<rps id="11"/><rp id="8"/><rpnsub id="11"/>
1670,<rps id="11"/><rp id="9"/><rpnrep id="11"/>
1671,<rps id="11"/><rp id="9"/><rpnsub id="11"/>
1672,<rps id="11"/><rpndel id="11"/>
1673,<rps id="11"/><rpndel id="11"/><rm id="12"/>
1674,<rps id="11"/><rpndel id="11"/><rm id="13"/><rpnrep id="10"/>
1675,<rps id="11"/><rpndel id="11"/><rms id="12"/>
1676,<rps id="11"/><rpndel id="11"/><rms id="13"/><rms id="15"/>
1677,<rps id="11"/><rpndel id="11"/><rms id="15"/>
1678,<rps id="11"/><rpndel id="11"/><rms id="17"/>
1679,<rps id="11"/><rpndel id="11"/><rp id="10"/>
1680,<rps id="11"/><rpndel id="11"/><rpnsub id="10"/>
1681,<rps id="11"/><rpndel id="11"/><rpnsub id="6"/>
1682,<rps id="11"/><rpnrep id="11"/>
1683,<rps id="11"/><rpnrep id="11"/><rpnsub id="10"/>
1684,<rps id="11"/><rpnrep id="11"/><rpnsub id="9"/>
1685,<rps id="11"/><rpnsub id="11"/>
1686,<rps id="11"/><rpnsub id="11"/><rpnsub id="4"/>
1687,<rps id="12"/>
1688,<rps id="12"/><rm id="13"/><rm id="15"/><rpnrep id="12"/>
1689,<rps id="12"/><rm id="13"/><rp id="11"/><rpnrep id="12"/>
1690,<rps id="12"/><rm id="13"/><rpnrep id="12"/>
1691,<rps id="12"/><rm id="13"/><rpnsub id="12"/>
1692,<rps id="12"/><rm id="14"/>
1693,<rps id="12"/><rm id="14"/><rm id="15"/>
1694,<rps id="12"/><rm id="14"/><rpnrep id="12"/>
1695,<rps id="12"/><rm id="15"/><rm id="19"/>
1696,<rps id="12"/><rm id="15"/><rpnrep id="12"/>
1697,<rps id="12"/><rm id="17"/>
1698,<rps id="12"/><rms id="13"/>
1699,<rps id="12"/><rp id="10"/>
1700,<rps id="12"/><rp id="10"/><rm id="19"/><rpnsub id="12"/>
1701,<rps id="12"/><rp id="10"/><rpnrep id="12"/>
1702,<rps id="12"/><rp id="11"/><rp id="10"/>
1703,<rps id="12"/><rp id="11"/><rpnrep id="12"/>
1704,<rps id="12"/><rp id="5"/><rm id="17"/>
1705,<rps id="12"/><rp id="7"/>
1706,<rps id="12"/><rp id="7"/><rpnrep id="12"/>
1707,<rps id="12"/><rp id="8"/><rpnrep id="12"/>
1708,<rps id="12"/><rp id="9"/>
1709,<rps id="12"/><rpndel id="12"/>
1710,<rps id="12"/><rpndel id="12"/><rms id="13"/>
1711,<rps id="12"/><rpndel id="12"/><rms id="14"/>
1712,<rps id="12"/><rpndel id="12"/><rp id="11"/>
1713,<rps id="12"/><rpndel id="12"/><rp id="5"/>
1714,<rps id="12"/><rpnrep id="12"/>
1715,<rps id="12"/><rpnrep id="12"/><rpnsub id="11"/>
1716,<rps id="12"/><rpnrep id="12"/><rpnsub id="11"/><rpnsub id="8"/>
1717,<rps id="12"/><rpnsub id="12"/>
1718,<rps id="13"/>
1719,<rps id="13"/><rm id="14"/><rm id="15"/><rpnrep id="13"/>
1720,<rps id="13"/><rm id="14"/><rm id="19"/><rpnrep id="13"/>
1721,<rps id="13"/><rm id="14"/><rp id="9"/><rpnrep id="13"/>
1722,<rps id="13"/><rm id="14"/><rpnrep id="13"/>
1723,<rps id="13"/><rm id="14"/><rpnsub id="13"/>
1724,<rps id="13"/><rm id="15"/>
1725,<rps id="13"/><rm id="15"/><rpnrep id="13"/>
1726,<rps id="13"/><rm id="15"/><rpnsub id="13"/>
1727,<rps id="13"/><rm id="16"/>
1728,<rps id="13"/><rm id="18"/>
1729,<rps id="13"/><rp id="10"/><rpnsub id="13"/>
1730,<rps id="13"/><rp id="11"/>
1731,<rps id="13"/><rp id="11"/><rpnrep id="13"/>
1732,<rps id="13"/><rp id="11"/><rpnsub id="13"/>
1733,<rps id="13"/><rp id="5"/>
1734,<rps id="13"/><rp id="7"/><rpnrep id="13"/>
1735,<rps id="13"/><rp id="9"/>
1736,<rps id="13"/><rp id="9"/><rpnrep id="13"/>
1737,<rps id="13"/><rpndel id="13"/>
1738,<rps id="13"/><rpndel id="13"/><rms id="14"/>
1739,<rps id="13"/><rpndel id="13"/><rms id="15"/>
1740,<rps id="13"/><rpndel id="13"/><rms id="16"/>
1741,<rps id="13"/><rpndel id="13"/><rms id="17"/>
1742,<rps id="13"/><rpndel id="13"/><rpnsub id="12"/>
1743,<rps id="13"/><rpnrep id="13"/>
1744,<rps id="13"/><rpnrep id="13"/><rpnsub id="12"/>
1745,<rps id="13"/><rpnrep id="13"/><rpnsub id="2"/>
1746,<rps id="13"/><rpnrep id="13"/><rpnsub id="3"/>
1747,<rps id="13"/><rpnrep id="13"/><rpnsub id="6"/>
1748,<rps id="13"/><rpnrep id="13"/><rpnsub id="9"/>
1749,<rps id="13"/><rpnsub id="13"/>
1750,<rps id="13"/><rpnsub id="13"/><rpnsub id="11"/><rpnsub id="8"/>
1751,<rps id="14"/>
1752,<rps id="14"/><rm id="15"/><rm id="16"/><rm id="17"/><rpnrep id="14"/>
1753,<rps id="14"/><rm id="15"/><rm id="16"/><rpnrep id="14"/>
1754,<rps id="14"/><rm id="15"/><rp id="12"/><rpnrep id="14"/>
1755,<rps id="14"/><rm id="15"/><rpnrep id="14"/>
1756,<rps id="14"/><rm id="15"/><rpnsub id="14"/>
1757,<rps id="14"/><rm id="16"/>
1758,<rps id="14"/><rm id="16"/><rpnrep id="14"/>
1759,<rps id="14"/><rm id="16"/><rpnsub id="14"/>
1760,<rps id="14"/><rm id="17"/>
1761,<rps id="14"/><rm id="17"/><rpnrep id="14"/>
1762,<rps id="14"/><rm id="17"/><rpnsub id="14"/>
1763,<rps id="14"/><rm id="19"/>
1764,<rps id="14"/><rm id="19"/><rpnsub id="14"/>
1765,<rps id="14"/><rms id="15"/><rpnsub id="14"/>
1766,<rps id="14"/><rp id="12"/><rpnrep id="14"/>
1767,<rps id="14"/><rp id="13"/><rpnrep id="14"/>
1768,<rps id="14"/><rp id="7"/>
1769,<rps id="14"/><rp id="9"/><rpnsub id="14"/>
1770,<rps id="14"/><rpndel id="14"/>
1771,<rps id="14"/><rpndel id="14"/><rms id="15"/>
1772,<rps id="14"/><rpndel id="14"/><rms id="15"/><rms id="16"/>
1773,<rps id="14"/><rpndel id="14"/><rms id="16"/>
1774,<rps id="14"/><rpndel id="14"/><rp id="11"/>
1775,<rps id="14"/><rpndel id="14"/><rp id="13"/>
1776,<rps id="14"/><rpnrep id="14"/>
1777,<rps id="14"/><rpnrep id="14"/><rpnsub id="8"/>
1778,<rps id="14"/><rpnsub id="14"/>
1779,<rps id="14"/><rpnsub id="14"/><rpnsub id="12"/>
1780,<rps id="15"/>
1781,<rps id="15"/><rm id="16"/><rm id="17"/><rpnsub id="15"/>
1782,<rps id="15"/><rm id="16"/><rp id="13"/><rpnsub id="15"/>
1783,<rps id="15"/><rm id="16"/><rpnrep id="15"/>
1784,<rps id="15"/><rm id="16"/><rpnsub id="15"/>
1785,<rps id="15"/><rm id="17"/>
1786,<rps id="15"/><rm id="17"/><rm id="18"/><rpnrep id="15"/>
1787,<rps id="15"/><rm id="17"/><rpnrep id="15"/>
1788,<rps id="15"/><rm id="17"/><rpnsub id="15"/>
1789,<rps id="15"/><rm id="17"/><rpnsub id="15"/><rpnsub id="12"/><rpnsub id="5"/>
1790,<rps id="15"/><rm id="18"/><rpnrep id="15"/>
1791,<rps id="15"/><rm id="19"/>
1792,<rps id="15"/><rm id="19"/><rpnrep id="15"/>
1793,<rps id="15"/><rm id="22"/>
1794,<rps id="15"/><rm id="26"/>
1795,<rps id="15"/><rms id="16"/>
1796,<rps id="15"/><rp id="10"/>
1797,<rps id="15"/><rp id="12"/>
1798,<rps id="15"/><rp id="13"/>
1799,<rps id="15"/><rp id="14"/><rpnrep id="15"/>
1800,<rps id="15"/><rp id="6"/><rpnrep id="15"/>
1801,<rps id="15"/><rp id="7"/>
1802,<rps id="15"/><rp id="9"/>
1803,<rps id="15"/><rpndel id="15"/>
1804,<rps id="15"/><rpndel id="15"/><rms id="16"/>
1805,<rps id="15"/><rpndel id="15"/><rms id="17"/>
1806,<rps id="15"/><rpndel id="15"/><rms id="20"/>
1807,<rps id="15"/><rpnrep id="15"/>
1808,<rps id="15"/><rpnsub id="13"/><rpnsub id="15"/>
1809,<rps id="15"/><rpnsub id="15"/>
1810,<rps id="15"/><rpnsub id="15"/><rpnsub id="12"/>
1811,<rps id="16"/>
1812,<rps id="16"/><rm id="17"/><rm id="18"/><rp id="15"/><rpnrep id="16"/>
1813,<rps id="16"/><rm id="17"/><rm id="19"/><rpnrep id="16"/>
1814,<rps id="16"/><rm id="17"/><rpnrep id="16"/>
1815,<rps id="16"/><rm id="17"/><rpnsub id="16"/>
1816,<rps id="16"/><rm id="18"/>
1817,<rps id="16"/><rm id="18"/><rpnrep id="16"/>
1818,<rps id="16"/><rm id="18"/><rpnsub id="16"/>
1819,<rps id="16"/><rm id="19"/>
1820,<rps id="16"/><rm id="21"/>
1821,<rps id="16"/><rp id="13"/><rpnsub id="16"/>
1822,<rps id="16"/><rp id="14"/><rpnrep id="16"/>
1823,<rps id="16"/><rp id="15"/><rpnrep id="16"/>
1824,<rps id="16"/><rp id="9"/><rm id="21"/><rpnrep id="16"/>
1825,<rps id="16"/><rpndel id="16"/>
1826,<rps id="16"/><rpndel id="16"/><rms id="17"/>
1827,<rps id="16"/><rpndel id="16"/><rms id="17"/><rms id="18"/><rms id="19"/><rms id="20"/>
1828,<rps id="16"/><rpndel id="16"/><rms id="18"/>
1829,<rps id="16"/><rpndel id="16"/><rms id="19"/>
1830,<rps id="16"/><rpndel id="16"/><rp id="3"/>
1831,<rps id="16"/><rpndel id="16"/><rpnsub id="12"/>
1832,<rps id="16"/><rpndel id="16"/><rpnsub id="13"/>
1833,<rps id="16"/><rpnrep id="16"/>
1834,<rps id="16"/><rpnrep id="16"/><rpnsub id="13"/>
1835,<rps id="16"/><rpnsub id="13"/><rpnsub id="16"/>
1836,<rps id="16"/><rpnsub id="16"/>
1837,<rps id="16"/><rpnsub id="16"/><rpnsub id="15"/>
1838,<rps id="17"/>
1839,<rps id="17"/><rm id="18"/><rm id="19"/><rm id="20"/><rpnrep id="17"/>
1840,<rps id="17"/><rm id="18"/><rm id="21"/><rm id="22"/><rpnrep id="17"/>
1841,<rps id="17"/><rm id="18"/><rp id="15"/><rpnsub id="17"/>
1842,<rps id="17"/><rm id="18"/><rpnrep id="17"/>
1843,<rps id="17"/><rm id="18"/><rpnsub id="17"/>
1844,<rps id="17"/><rm id="19"/>
1845,<rps id="17"/><rm id="19"/><rm id="21"/><rp id="16"/><rpnrep id="17"/>
1846,<rps id="17"/><rm id="19"/><rpnrep id="17"/>
1847,<rps id="17"/><rm id="21"/>
1848,<rps id="17"/><rms id="18"/>
1849,<rps id="17"/><rms id="19"/><rpnrep id="17"/>
1850,<rps id="17"/><rp id="14"/>
1851,<rps id="17"/><rp id="15"/>
1852,<rps id="17"/><rpndel id="17"/>
1853,<rps id="17"/><rpndel id="17"/><rms id="19"/>
1854,<rps id="17"/><rpnrep id="17"/>
1855,<rps id="17"/><rpnsub id="14"/><rpnrep id="17"/>
1856,<rps id="17"/><rpnsub id="17"/>
1857,<rps id="18"/>
1858,<rps id="18"/><rm id="19"/><rm id="20"/><rpnrep id="18"/>
1859,<rps id="18"/><rm id="19"/><rm id="20"/><rpnsub id="18"/>
1860,<rps id="18"/><rm id="19"/><rpnrep id="18"/>
1861,<rps id="18"/><rm id="19"/><rpnsub id="18"/>
1862,<rps id="18"/><rm id="20"/>
1863,<rps id="18"/><rm id="20"/><rm id="21"/><rm id="22"/>
1864,<rps id="18"/><rm id="20"/><rpnrep id="18"/>
1865,<rps id="18"/><rm id="21"/>
1866,<rps id="18"/><rm id="21"/><rm id="22"/><rpnsub id="18"/>
1867,<rps id="18"/><rm id="22"/>
1868,<rps id="18"/><rm id="25"/>
1869,<rps id="18"/><rm id="25"/><rpnsub id="18"/>
1870,<rps id="18"/><rms id="22"/>
1871,<rps id="18"/><rp id="13"/>
1872,<rps id="18"/><rp id="15"/><rpnsub id="18"/>
1873,<rps id="18"/><rp id="17"/><rm id="20"/><rpnrep id="18"/>
1874,<rps id="18"/><rp id="17"/><rpnrep id="18"/>
1875,<rps id="18"/><rp id="9"/>
1876,<rps id="18"/><rpndel id="18"/>
1877,<rps id="18"/><rpndel id="18"/><rms id="19"/>
1878,<rps id="18"/><rpndel id="18"/><rp id="17"/>
1879,<rps id="18"/><rpndel id="18"/><rpnsub id="17"/>
1880,<rps id="18"/><rpnrep id="18"/>
1881,<rps id="18"/><rpnrep id="18"/><rpnsub id="16"/>
1882,<rps id="18"/><rpnsub id="18"/>
1883,<rps id="19"/>
1884,<rps id="19"/><rm id="20"/><rpnrep id="19"/>
1885,<rps id="19"/><rm id="20"/><rpnsub id="19"/>
1886,<rps id="19"/><rm id="21"/>
1887,<rps id="19"/><rm id="21"/><rp id="16"/><rpnsub id="19"/>
1888,<rps id="19"/><rm id="23"/>
1889,<rps id="19"/><rm id="24"/>
1890,<rps id="19"/><rm id="26"/><rpnrep id="19"/>
1891,<rps id="19"/><rms id="20"/><rpnsub id="19"/>
1892,<rps id="19"/><rms id="21"/>
1893,<rps id="19"/><rp id="10"/>
1894,<rps id="19"/><rp id="13"/>
1895,<rps id="19"/><rp id="15"/>
1896,<rps id="19"/><rp id="17"/><rpnrep id="19"/>
1897,<rps id="19"/><rp id="18"/><rpnrep id="19"/>
1898,<rps id="19"/><rpndel id="19"/>
1899,<rps id="19"/><rpndel id="19"/><rms id="20"/>
1900,<rps id="19"/><rpnrep id="19"/>
1901,<rps id="19"/><rpnrep id="19"/><rpnsub id="6"/>
1902,<rps id="19"/><rpnsub id="19"/>
1903,<rps id="19"/><rpnsub id="19"/><rpnsub id="17"/>
1904,<rps id="2"/>
1905,<rps id="2"/><rm id="10"/>
1906,<rps id="2"/><rm id="11"/>
1907,<rps id="2"/><rm id="14"/>
1908,<rps id="2"/><rm id="3"/>
1909,<rps id="2"/><rm id="3"/><rm id="4"/><rm id="5"/><rpnsub id="2"/>
1910,<rps id="2"/><rm id="3"/><rm id="4"/><rpnrep id="2"/>
1911,<rps id="2"/><rm id="3"/><rm id="4"/><rpnsub id="2"/>
1912,<rps id="2"/><rm id="3"/><rm id="5"/><rpnrep id="2"/>
1913,<rps id="2"/><rm id="3"/><rm id="5"/><rpnsub id="2"/>
1914,<rps id="2"/><rm id="3"/><rm id="6"/><rpnrep id="2"/>
1915,<rps id="2"/><rm id="3"/><rm id="6"/><rpnsub id="2"/>
1916,<rps id="2"/><rm id="3"/><rm id="7"/><rpnsub id="2"/>
1917,<rps id="2"/><rm id="3"/><rpnrep id="2"/>
1918,<rps id="2"/><rm id="3"/><rpnsub id="2"/>
1919,<rps id="2"/><rm id="4"/>
1920,<rps id="2"/><rm id="4"/><rm id="10"/>
1921,<rps id="2"/><rm id="4"/><rm id="5"/>
1922,<rps id="2"/><rm id="4"/><rm id="5"/><rm id="6"/><rpnrep id="2"/>
1923,<rps id="2"/><rm id="4"/><rm id="6"/>
1924,<rps id="2"/><rm id="4"/><rm id="6"/><rpnrep id="2"/>
1925,<rps id="2"/><rm id="4"/><rm id="7"/>
1926,<rps id="2"/><rm id="4"/><rpnrep id="2"/>
1927,<rps id="2"/><rm id="4"/><rpnsub id="2"/>
1928,<rps id="2"/><rm id="5"/>
1929,<rps id="2"/><rm id="5"/><rm id="6"/><rpnsub id="2"/>
1930,<rps id="2"/><rm id="5"/><rm id="7"/>
1931,<rps id="2"/><rm id="5"/><rm id="8"/>
1932,<rps id="2"/><rm id="5"/><rpnrep id="2"/>
1933,<rps id="2"/><rm id="5"/><rpnsub id="2"/>
1934,<rps id="2"/><rm id="6"/>
1935,<rps id="2"/><rm id="6"/><rm id="7"/><rm id="8"/>
1936,<rps id="2"/><rm id="6"/><rpnrep id="2"/>
1937,<rps id="2"/><rm id="6"/><rpnsub id="2"/>
1938,<rps id="2"/><rm id="7"/>
1939,<rps id="2"/><rm id="7"/><rpnrep id="2"/>
1940,<rps id="2"/><rm id="8"/>
1941,<rps id="2"/><rm id="8"/><rm id="12"/>
1942,<rps id="2"/><rm id="8"/><rpnsub id="2"/>
1943,<rps id="2"/><rm id="9"/>
1944,<rps id="2"/><rm id="9"/><rpnsub id="2"/>
1945,<rps id="2"/><rms id="3"/>
1946,<rps id="2"/><rms id="3"/><rpnsub id="2"/>
1947,<rps id="2"/><rms id="4"/>
1948,<rps id="2"/><rms id="5"/>
1949,<rps id="2"/><rp id="1"/>
1950,<rps id="2"/><rp id="1"/><rpnrep id="2"/>
1951,<rps id="2"/><rp id="1"/><rpnsub id="2"/>
1952,<rps id="2"/><rpndel id="2"/>
1953,<rps id="2"/><rpndel id="2"/><rms id="3"/>
1954,<rps id="2"/><rpndel id="2"/><rms id="3"/><rms id="4"/><rms id="6"/>
1955,<rps id="2"/><rpndel id="2"/><rms id="3"/><rms id="6"/>
1956,<rps id="2"/><rpndel id="2"/><rms id="4"/>
1957,<rps id="2"/><rpndel id="2"/><rp id="1"/>
1958,<rps id="2"/><rpndel id="2"/><rpnsub id="1"/>
1959,<rps id="2"/><rpnrep id="2"/>
1960,<rps id="2"/><rpnrep id="2"/><rpnsub id="1"/>
1961,<rps id="2"/><rpnsub id="2"/>
1962,<rps id="20"/>
1963,<rps id="20"/><rm id="21"/><rm id="22"/><rpnsub id="20"/>
1964,<rps id="20"/><rm id="21"/><rpnrep id="20"/>
1965,<rps id="20"/><rm id="21"/><rpnsub id="20"/>
1966,<rps id="20"/><rm id="22"/>
1967,<rps id="20"/><rm id="22"/><rpnrep id="20"/>
1968,<rps id="20"/><rm id="23"/><rpnsub id="20"/>
1969,<rps id="20"/><rp id="15"/>
1970,<rps id="20"/><rpndel id="20"/>
1971,<rps id="20"/><rpndel id="20"/><rms id="21"/><rp id="16"/>
1972,<rps id="20"/><rpndel id="20"/><rp id="15"/>
1973,<rps id="20"/><rpnrep id="20"/>
1974,<rps id="20"/><rpnrep id="20"/><rpnsub id="18"/>
1975,<rps id="20"/><rpnrep id="20"/><rpnsub id="19"/>
1976,<rps id="20"/><rpnsub id="20"/>
1977,<rps id="21"/>
1978,<rps id="21"/><rm id="22"/><rp id="5"/><rpnsub id="21"/>
1979,<rps id="21"/><rm id="22"/><rpnrep id="21"/>
1980,<rps id="21"/><rm id="22"/><rpnsub id="21"/>
1981,<rps id="21"/><rm id="23"/>
1982,<rps id="21"/><rm id="24"/>
1983,<rps id="21"/><rm id="24"/><rm id="25"/><rpnrep id="21"/>
1984,<rps id="21"/><rm id="25"/>
1985,<rps id="21"/><rp id="16"/>
1986,<rps id="21"/><rp id="16"/><rpnsub id="21"/>
1987,<rps id="21"/><rp id="19"/>
1988,<rps id="21"/><rpndel id="21"/>
1989,<rps id="21"/><rpnrep id="21"/>
1990,<rps id="21"/><rpnrep id="21"/><rpnsub id="16"/>
1991,<rps id="21"/><rpnrep id="21"/><rpnsub id="8"/>
1992,<rps id="21"/><rpnsub id="21"/>
1993,<rps id="21"/><rpnsub id="21"/><rpnsub id="17"/>
1994,<rps id="21"/><rpnsub id="21"/><rpnsub id="20"/>
1995,<rps id="22"/>
1996,<rps id="22"/><rm id="23"/><rp id="21"/><rpnrep id="22"/>
1997,<rps id="22"/><rm id="23"/><rpnrep id="22"/>
1998,<rps id="22"/><rm id="23"/><rpnsub id="22"/>
1999,<rps id="22"/><rm id="24"/>
2000,<rps id="22"/><rm id="24"/><rpnrep id="22"/>
2001,<rps id="22"/><rm id="27"/>
2002,<rps id="22"/><rms id="26"/><rpnsub id="22"/>
2003,<rps id="22"/><rpndel id="22"/>
2004,<rps id="22"/><rpndel id="22"/><rms id="23"/>
2005,<rps id="22"/><rpnrep id="22"/>
2006,<rps id="22"/><rpnsub id="22"/>
2007,<rps id="22"/><rpnsub id="22"/><rpnsub id="5"/>
2008,<rps id="23"/>
2009,<rps id="23"/><rm id="24"/><rpnrep id="23"/>
2010,<rps id="23"/><rm id="24"/><rpnsub id="23"/>
2011,<rps id="23"/><rm id="27"/>
2012,<rps id="23"/><rms id="24"/>
2013,<rps id="23"/><rp id="20"/><rpnsub id="23"/>
2014,<rps id="23"/><rp id="21"/><rpnsub id="23"/>
2015,<rps id="23"/><rp id="22"/><rpnrep id="23"/>
2016,<rps id="23"/><rpndel id="23"/>
2017,<rps id="23"/><rpnrep id="23"/>
2018,<rps id="23"/><rpnrep id="23"/><rpnsub id="14"/>
2019,<rps id="23"/><rpnrep id="23"/><rpnsub id="21"/>
2020,<rps id="23"/><rpnsub id="22"/>
2021,<rps id="23"/><rpnsub id="23"/>
2022,<rps id="24"/>
2023,<rps id="24"/><rm id="25"/><rm id="27"/><rpnrep id="24"/>
2024,<rps id="24"/><rm id="25"/><rpnrep id="24"/>
2025,<rps id="24"/><rm id="25"/><rpnsub id="24"/>
2026,<rps id="24"/><rp id="22"/>
2027,<rps id="24"/><rpndel id="24"/>
2028,<rps id="24"/><rpndel id="24"/><rms id="26"/>
2029,<rps id="24"/><rpndel id="24"/><rpnsub id="23"/>
2030,<rps id="24"/><rpnrep id="24"/>
2031,<rps id="24"/><rpnsub id="24"/>
2032,<rps id="25"/>
2033,<rps id="25"/><rm id="26"/><rp id="24"/><rpnrep id="25"/>
2034,<rps id="25"/><rm id="27"/>
2035,<rps id="25"/><rm id="27"/><rpnsub id="25"/>
2036,<rps id="25"/><rm id="29"/>
2037,<rps id="25"/><rp id="23"/><rpnsub id="25"/>
2038,<rps id="25"/><rpndel id="25"/>
2039,<rps id="25"/><rpndel id="25"/><rms id="28"/>
2040,<rps id="25"/><rpnrep id="25"/>
2041,<rps id="25"/><rpnsub id="25"/>
2042,<rps id="26"/>
2043,<rps id="26"/><rm id="27"/><rm id="28"/><rpnsub id="26"/>
2044,<rps id="26"/><rm id="27"/><rpnrep id="26"/>
2045,<rps id="26"/><rp id="23"/><rpnrep id="26"/>
2046,<rps id="26"/><rp id="24"/><rpnsub id="26"/>
2047,<rps id="26"/><rp id="25"/><rpnrep id="26"/>
2048,<rps id="26"/><rpndel id="26"/>
2049,<rps id="26"/><rpndel id="26"/><rpnsub id="25"/>
2050,<rps id="26"/><rpnrep id="26"/>
2051,<rps id="26"/><rpnsub id="26"/>
2052,<rps id="27"/>
2053,<rps id="27"/><rm id="28"/><rpnrep id="27"/>
2054,<rps id="27"/><rm id="28"/><rpnsub id="27"/>
2055,<rps id="27"/><rm id="29"/>
2056,<rps id="27"/><rm id="30"/>
2057,<rps id="27"/><rp id="15"/>
2058,<rps id="27"/><rp id="24"/>
2059,<rps id="27"/><rp id="25"/>
2060,<rps id="27"/><rpndel id="27"/>
2061,<rps id="27"/><rpndel id="27"/><rms id="28"/>
2062,<rps id="27"/><rpnrep id="27"/>
2063,<rps id="27"/><rpnrep id="27"/><rpnsub id="22"/>
2064,<rps id="27"/><rpnsub id="27"/>
2065,<rps id="27"/><rpnsub id="27"/><rpnsub id="19"/>
2066,<rps id="27"/><rpnsub id="27"/><rpnsub id="20"/>
2067,<rps id="28"/>
2068,<rps id="28"/><rm id="30"/>
2069,<rps id="28"/><rm id="30"/><rpnrep id="28"/>
2070,<rps id="28"/><rp id="26"/>
2071,<rps id="28"/><rp id="27"/>
2072,<rps id="28"/><rpndel id="28"/>
2073,<rps id="28"/><rpnrep id="28"/>
2074,<rps id="28"/><rpnsub id="28"/>
2075,<rps id="29"/>
2076,<rps id="29"/><rm id="31"/>
2077,<rps id="29"/><rpndel id="29"/>
2078,<rps id="29"/><rpnrep id="29"/>
2079,<rps id="29"/><rpnsub id="29"/>
2080,<rps id="3"/>
2081,<rps id="3"/><rm id="10"/>
2082,<rps id="3"/><rm id="12"/>
2083,<rps id="3"/><rm id="4"/><rm id="5"/><rm id="6"/><rpnrep id="3"/>
2084,<rps id="3"/><rm id="4"/><rm id="5"/><rm id="7"/><rpnsub id="3"/>
2085,<rps id="3"/><rm id="4"/><rm id="5"/><rm id="8"/><rpnrep id="3"/>
2086,<rps id="3"/><rm id="4"/><rm id="5"/><rpnrep id="3"/>
2087,<rps id="3"/><rm id="4"/><rm id="5"/><rpnsub id="3"/>
2088,<rps id="3"/><rm id="4"/><rm id="6"/><rm id="7"/><rpnrep id="3"/>
2089,<rps id="3"/><rm id="4"/><rm id="6"/><rm id="8"/><rpnsub id="3"/>
2090,<rps id="3"/><rm id="4"/><rm id="6"/><rpnrep id="3"/>
2091,<rps id="3"/><rm id="4"/><rm id="6"/><rpnsub id="3"/>
2092,<rps id="3"/><rm id="4"/><rm id="7"/><rm id="10"/><rpnrep id="3"/>
2093,<rps id="3"/><rm id="4"/><rm id="7"/><rpnsub id="3"/>
2094,<rps id="3"/><rm id="4"/><rm id="8"/><rpnrep id="3"/>
2095,<rps id="3"/><rm id="4"/><rp id="2"/><rm id="6"/><rpnrep id="3"/>
2096,<rps id="3"/><rm id="4"/><rp id="2"/><rpnrep id="3"/>
2097,<rps id="3"/><rm id="4"/><rpnrep id="3"/>
2098,<rps id="3"/><rm id="4"/><rpnsub id="3"/>
2099,<rps id="3"/><rm id="5"/>
2100,<rps id="3"/><rm id="5"/><rm id="6"/><rpnrep id="3"/>
2101,<rps id="3"/><rm id="5"/><rm id="6"/><rpnsub id="3"/>
2102,<rps id="3"/><rm id="5"/><rm id="9"/>
2103,<rps id="3"/><rm id="5"/><rpnrep id="3"/>
2104,<rps id="3"/><rm id="5"/><rpnsub id="3"/>
2105,<rps id="3"/><rm id="6"/>
2106,<rps id="3"/><rm id="6"/><rpnrep id="3"/>
2107,<rps id="3"/><rm id="6"/><rpnsub id="3"/>
2108,<rps id="3"/><rm id="7"/>
2109,<rps id="3"/><rm id="7"/><rpnrep id="3"/>
2110,<rps id="3"/><rm id="7"/><rpnsub id="3"/>
2111,<rps id="3"/><rm id="8"/>
2112,<rps id="3"/><rm id="8"/><rm id="9"/>
2113,<rps id="3"/><rm id="8"/><rpnrep id="3"/>
2114,<rps id="3"/><rm id="9"/>
2115,<rps id="3"/><rm id="9"/><rpnsub id="3"/>
2116,<rps id="3"/><rms id="4"/>
2117,<rps id="3"/><rms id="4"/><rpnsub id="3"/>
2118,<rps id="3"/><rms id="5"/><rpnsub id="3"/>
2119,<rps id="3"/><rp id="1"/>
2120,<rps id="3"/><rp id="1"/><rpnrep id="3"/>
2121,<rps id="3"/><rp id="2"/><rm id="6"/><rpnrep id="3"/>
2122,<rps id="3"/><rp id="2"/><rpnrep id="3"/>
2123,<rps id="3"/><rp id="2"/><rpnsub id="3"/>
2124,<rps id="3"/><rpndel id="3"/>
2125,<rps id="3"/><rpndel id="3"/><rm id="4"/>
2126,<rps id="3"/><rpndel id="3"/><rm id="4"/><rpnsub id="2"/>
2127,<rps id="3"/><rpndel id="3"/><rm id="6"/>
2128,<rps id="3"/><rpndel id="3"/><rms id="4"/>
2129,<rps id="3"/><rpndel id="3"/><rms id="5"/>
2130,<rps id="3"/><rpndel id="3"/><rp id="2"/><rm id="5"/>
2131,<rps id="3"/><rpndel id="3"/><rpnsub id="2"/>
2132,<rps id="3"/><rpnrep id="3"/>
2133,<rps id="3"/><rpnrep id="3"/><rpnsub id="2"/>
2134,<rps id="3"/><rpnsub id="2"/><rpnsub id="3"/>
2135,<rps id="3"/><rpnsub id="3"/>
2136,<rps id="3"/><rpnsub id="3"/><rpnsub id="2"/>
2137,<rps id="30"/>
2138,<rps id="30"/><rm id="33"/><rpnsub id="30"/>
2139,<rps id="30"/><rpndel id="30"/>
2140,<rps id="30"/><rpnrep id="30"/>
2141,<rps id="30"/><rpnsub id="30"/>
2142,<rps id="31"/>
2143,<rps id="31"/><rm id="32"/><rp id="30"/><rpnrep id="31"/>
2144,<rps id="31"/><rm id="32"/><rpnrep id="31"/>
2145,<rps id="31"/><rm id="32"/><rpnsub id="31"/>
2146,<rps id="31"/><rm id="33"/>
2147,<rps id="31"/><rms id="32"/>
2148,<rps id="31"/><rp id="26"/><rpnrep id="31"/>
2149,<rps id="31"/><rpndel id="31"/>
2150,<rps id="31"/><rpndel id="31"/><rms id="32"/>
2151,<rps id="31"/><rpnrep id="31"/>
2152,<rps id="31"/><rpnsub id="31"/>
2153,<rps id="32"/>
2154,<rps id="32"/><rp id="30"/><rpnsub id="32"/>
2155,<rps id="32"/><rp id="31"/><rpnrep id="32"/>
2156,<rps id="32"/><rpndel id="32"/>
2157,<rps id="32"/><rpndel id="32"/><rms id="33"/><rp id="31"/>
2158,<rps id="32"/><rpndel id="32"/><rp id="22"/>
2159,<rps id="32"/><rpndel id="32"/><rp id="31"/>
2160,<rps id="32"/><rpnrep id="32"/>
2161,<rps id="32"/><rpnsub id="29"/><rpnsub id="32"/>
2162,<rps id="32"/><rpnsub id="32"/>
2163,<rps id="33"/>
2164,<rps id="33"/><rm id="34"/><rpnrep id="33"/>
2165,<rps id="33"/><rm id="35"/>
2166,<rps id="33"/><rm id="36"/><rpnrep id="33"/>
2167,<rps id="33"/><rms id="34"/>
2168,<rps id="33"/><rpndel id="33"/>
2169,<rps id="33"/><rpndel id="33"/><rms id="38"/>
2170,<rps id="33"/><rpndel id="33"/><rp id="31"/>
2171,<rps id="33"/><rpnrep id="33"/>
2172,<rps id="33"/><rpnsub id="33"/>
2173,<rps id="34"/>
2174,<rps id="34"/><rp id="27"/>
2175,<rps id="34"/><rpndel id="34"/>
2176,<rps id="34"/><rpndel id="34"/><rp id="33"/>
2177,<rps id="34"/><rpnrep id="34"/>
2178,<rps id="34"/><rpnsub id="34"/>
2179,<rps id="35"/>
2180,<rps id="35"/><rm id="37"/>
2181,<rps id="35"/><rpndel id="35"/>
2182,<rps id="35"/><rpnrep id="35"/>
2183,<rps id="35"/><rpnsub id="35"/>
2184,<rps id="36"/>
2185,<rps id="36"/><rpndel id="36"/>
2186,<rps id="36"/><rpnrep id="36"/>
2187,<rps id="36"/><rpnsub id="36"/>
2188,<rps id="36"/><rpnsub id="36"/><rpnsub id="32"/>
2189,<rps id="37"/>
2190,<rps id="37"/><rm id="38"/><rpnsub id="37"/>
2191,<rps id="37"/><rp id="33"/>
2192,<rps id="37"/><rpndel id="37"/>
2193,<rps id="37"/><rpnrep id="37"/>
2194,<rps id="37"/><rpnsub id="37"/>
2195,<rps id="38"/>
2196,<rps id="38"/><rm id="39"/><rpnrep id="38"/>
2197,<rps id="38"/><rpndel id="38"/>
2198,<rps id="38"/><rpndel id="38"/><rp id="36"/>
2199,<rps id="38"/><rpnrep id="38"/>
2200,<rps id="38"/><rpnsub id="38"/>
2201,<rps id="39"/>
2202,<rps id="39"/><rm id="43"/><rpnrep id="39"/>
2203,<rps id="39"/><rpndel id="39"/>
2204,<rps id="39"/><rpnrep id="39"/>
2205,<rps id="39"/><rpnsub id="39"/>
2206,<rps id="4"/>
2207,<rps id="4"/><rm id="10"/>
2208,<rps id="4"/><rm id="10"/><rpnsub id="4"/>
2209,<rps id="4"/><rm id="11"/>
2210,<rps id="4"/><rm id="11"/><rm id="18"/><rm id="20"/><rpnrep id="4"/>
2211,<rps id="4"/><rm id="11"/><rpnrep id="4"/>
2212,<rps id="4"/><rm id="12"/>
2213,<rps id="4"/><rm id="13"/>
2214,<rps id="4"/><rm id="5"/><rm id="6"/><rpnrep id="4"/>
2215,<rps id="4"/><rm id="5"/><rm id="6"/><rpnsub id="4"/>
2216,<rps id="4"/><rm id="5"/><rm id="7"/><rm id="8"/><rpnsub id="4"/>
2217,<rps id="4"/><rm id="5"/><rm id="7"/><rpnsub id="4"/>
2218,<rps id="4"/><rm id="5"/><rm id="8"/><rpnsub id="4"/>
2219,<rps id="4"/><rm id="5"/><rp id="3"/><rpnrep id="4"/>
2220,<rps id="4"/><rm id="5"/><rpnrep id="4"/>
2221,<rps id="4"/><rm id="5"/><rpnsub id="4"/>
2222,<rps id="4"/><rm id="6"/>
2223,<rps id="4"/><rm id="6"/><rm id="10"/>
2224,<rps id="4"/><rm id="6"/><rm id="7"/>
2225,<rps id="4"/><rm id="6"/><rm id="8"/>
2226,<rps id="4"/><rm id="6"/><rm id="9"/>
2227,<rps id="4"/><rm id="6"/><rp id="3"/><rpnrep id="4"/>
2228,<rps id="4"/><rm id="6"/><rpnrep id="4"/>
2229,<rps id="4"/><rm id="6"/><rpnsub id="4"/>
2230,<rps id="4"/><rm id="7"/>
2231,<rps id="4"/><rm id="7"/><rm id="10"/><rpnsub id="4"/>
2232,<rps id="4"/><rm id="7"/><rpnrep id="4"/>
2233,<rps id="4"/><rm id="7"/><rpnsub id="4"/>
2234,<rps id="4"/><rm id="8"/>
2235,<rps id="4"/><rm id="8"/><rpnsub id="4"/>
2236,<rps id="4"/><rm id="9"/>
2237,<rps id="4"/><rm id="9"/><rm id="21"/>
2238,<rps id="4"/><rm id="9"/><rpnrep id="4"/>
2239,<rps id="4"/><rms id="5"/>
2240,<rps id="4"/><rms id="7"/><rp id="3"/>
2241,<rps id="4"/><rp id="1"/>
2242,<rps id="4"/><rp id="2"/>
2243,<rps id="4"/><rp id="2"/><rm id="6"/><rpnsub id="4"/>
2244,<rps id="4"/><rp id="2"/><rpnrep id="4"/>
2245,<rps id="4"/><rp id="2"/><rpnsub id="4"/>
2246,<rps id="4"/><rp id="3"/>
2247,<rps id="4"/><rp id="3"/><rm id="6"/><rpnrep id="4"/>
2248,<rps id="4"/><rp id="3"/><rm id="9"/><rpnrep id="4"/>
2249,<rps id="4"/><rp id="3"/><rpnrep id="4"/>
2250,<rps id="4"/><rp id="3"/><rpnsub id="4"/>
2251,<rps id="4"/><rpndel id="4"/>
2252,<rps id="4"/><rpndel id="4"/><rms id="5"/>
2253,<rps id="4"/><rpndel id="4"/><rms id="6"/>
2254,<rps id="4"/><rpndel id="4"/><rp id="2"/>
2255,<rps id="4"/><rpndel id="4"/><rpnsub id="1"/>
2256,<rps id="4"/><rpndel id="4"/><rpnsub id="2"/>
2257,<rps id="4"/><rpnrep id="4"/>
2258,<rps id="4"/><rpnrep id="4"/><rpnsub id="1"/>
2259,<rps id="4"/><rpnrep id="4"/><rpnsub id="2"/>
2260,<rps id="4"/><rpnrep id="4"/><rpnsub id="3"/>
2261,<rps id="4"/><rpnsub id="4"/>
2262,<rps id="4"/><rpnsub id="4"/><rpnsub id="2"/>
2263,<rps id="4"/><rpnsub id="4"/><rpnsub id="3"/>
2264,<rps id="40"/>
2265,<rps id="40"/><rm id="41"/><rpnrep id="40"/>
2266,<rps id="40"/><rm id="42"/><rpnrep id="40"/>
2267,<rps id="40"/><rm id="49"/><rpnrep id="40"/>
2268,<rps id="40"/><rpndel id="40"/>
2269,<rps id="40"/><rpnrep id="40"/>
2270,<rps id="40"/><rpnsub id="40"/>
2271,<rps id="41"/>
2272,<rps id="41"/><rpndel id="41"/>
2273,<rps id="41"/><rpndel id="41"/><rms id="42"/>
2274,<rps id="41"/><rpnrep id="41"/>
2275,<rps id="41"/><rpnsub id="41"/>
2276,<rps id="42"/>
2277,<rps id="42"/><rpndel id="42"/>
2278,<rps id="42"/><rpnrep id="42"/>
2279,<rps id="42"/><rpnrep id="42"/><rpnsub id="41"/>
2280,<rps id="42"/><rpnsub id="42"/>
2281,<rps id="42"/><rpnsub id="42"/><rpnsub id="41"/>
2282,<rps id="43"/>
2283,<rps id="43"/><rpnrep id="43"/>
2284,<rps id="44"/>
2285,<rps id="44"/><rp id="33"/>
2286,<rps id="44"/><rpnrep id="44"/>
2287,<rps id="44"/><rpnsub id="44"/>
2288,<rps id="45"/>
2289,<rps id="45"/><rm id="46"/><rpnrep id="45"/>
2290,<rps id="45"/><rp id="44"/><rpnrep id="45"/>
2291,<rps id="45"/><rpnrep id="45"/>
2292,<rps id="45"/><rpnsub id="45"/>
2293,<rps id="46"/>
2294,<rps id="46"/><rp id="44"/>
2295,<rps id="46"/><rpnrep id="46"/>
2296,<rps id="46"/><rpnsub id="46"/>
2297,<rps id="47"/>
2298,<rps id="47"/><rm id="48"/><rpnrep id="47"/>
2299,<rps id="48"/>
2300,<rps id="48"/><rm id="49"/><rpnrep id="48"/>
2301,<rps id="48"/><rpnrep id="48"/>
2302,<rps id="48"/><rpnsub id="48"/>
2303,<rps id="49"/>
2304,<rps id="49"/><rm id="50"/><rpnsub id="49"/>
2305,<rps id="49"/><rpnrep id="49"/>
2306,<rps id="49"/><rpnsub id="49"/>
2307,<rps id="5"/>
2308,<rps id="5"/><rm id="10"/>
2309,<rps id="5"/><rm id="10"/><rm id="11"/>
2310,<rps id="5"/><rm id="10"/><rpnrep id="5"/>
2311,<rps id="5"/><rm id="11"/>
2312,<rps id="5"/><rm id="11"/><rm id="13"/><rpnrep id="5"/>
2313,<rps id="5"/><rm id="11"/><rpnrep id="5"/>
2314,<rps id="5"/><rm id="17"/>
2315,<rps id="5"/><rm id="6"/><rm id="10"/><rpnsub id="5"/>
2316,<rps id="5"/><rm id="6"/><rm id="7"/><rm id="11"/><rpnrep id="5"/>
2317,<rps id="5"/><rm id="6"/><rm id="7"/><rpnrep id="5"/>
2318,<rps id="5"/><rm id="6"/><rm id="7"/><rpnsub id="5"/>
2319,<rps id="5"/><rm id="6"/><rm id="9"/><rpnsub id="5"/>
2320,<rps id="5"/><rm id="6"/><rp id="4"/><rpnrep id="5"/>
2321,<rps id="5"/><rm id="6"/><rpnrep id="5"/>
2322,<rps id="5"/><rm id="6"/><rpnsub id="5"/>
2323,<rps id="5"/><rm id="7"/>
2324,<rps id="5"/><rm id="7"/><rm id="8"/>
2325,<rps id="5"/><rm id="7"/><rm id="9"/>
2326,<rps id="5"/><rm id="7"/><rp id="4"/>
2327,<rps id="5"/><rm id="7"/><rp id="4"/><rpnrep id="5"/>
2328,<rps id="5"/><rm id="7"/><rpnrep id="5"/>
2329,<rps id="5"/><rm id="7"/><rpnsub id="5"/>
2330,<rps id="5"/><rm id="8"/>
2331,<rps id="5"/><rm id="8"/><rm id="9"/><rpnrep id="5"/>
2332,<rps id="5"/><rm id="8"/><rm id="9"/><rpnsub id="5"/>
2333,<rps id="5"/><rm id="8"/><rpnsub id="5"/>
2334,<rps id="5"/><rm id="9"/>
2335,<rps id="5"/><rm id="9"/><rpnrep id="5"/>
2336,<rps id="5"/><rms id="6"/>
2337,<rps id="5"/><rms id="6"/><rms id="7"/>
2338,<rps id="5"/><rms id="6"/><rpnsub id="5"/>
2339,<rps id="5"/><rms id="9"/><rpnrep id="5"/>
2340,<rps id="5"/><rp id="2"/>
2341,<rps id="5"/><rp id="2"/><rpnrep id="5"/>
2342,<rps id="5"/><rp id="3"/>
2343,<rps id="5"/><rp id="3"/><rpnrep id="5"/>
2344,<rps id="5"/><rp id="3"/><rpnsub id="5"/>
2345,<rps id="5"/><rp id="4"/>
2346,<rps id="5"/><rp id="4"/><rpnrep id="5"/>
2347,<rps id="5"/><rp id="4"/><rpnsub id="5"/>
2348,<rps id="5"/><rpndel id="5"/>
2349,<rps id="5"/><rpndel id="5"/><rms id="11"/>
2350,<rps id="5"/><rpndel id="5"/><rms id="6"/>
2351,<rps id="5"/><rpndel id="5"/><rp id="2"/>
2352,<rps id="5"/><rpndel id="5"/><rp id="4"/>
2353,<rps id="5"/><rpndel id="5"/><rpnsub id="4"/>
2354,<rps id="5"/><rpnrep id="5"/>
2355,<rps id="5"/><rpnrep id="5"/><rpnsub id="1"/>
2356,<rps id="5"/><rpnrep id="5"/><rpnsub id="2"/>
2357,<rps id="5"/><rpnrep id="5"/><rpnsub id="3"/>
2358,<rps id="5"/><rpnrep id="5"/><rpnsub id="4"/>
2359,<rps id="5"/><rpnsub id="2"/><rpnrep id="5"/>
2360,<rps id="5"/><rpnsub id="4"/><rpnrep id="5"/>
2361,<rps id="5"/><rpnsub id="5"/>
2362,<rps id="50"/>
2363,<rps id="50"/><rpnsub id="50"/>
2364,<rps id="50"/><rpnsub id="50"/><rpnsub id="48"/>
2365,<rps id="51"/>
2366,<rps id="51"/><rm id="52"/><rpnsub id="51"/>
2367,<rps id="51"/><rpnrep id="51"/>
2368,<rps id="51"/><rpnsub id="51"/>
2369,<rps id="52"/>
2370,<rps id="52"/><rpnrep id="52"/>
2371,<rps id="52"/><rpnsub id="52"/>
2372,<rps id="54"/><rpnrep id="54"/>
2373,<rps id="55"/><rpndel id="55"/>
2374,<rps id="55"/><rpnrep id="55"/>
2375,<rps id="56"/><rpndel id="56"/>
2376,<rps id="56"/><rpnrep id="56"/>
2377,<rps id="56"/><rpnsub id="56"/>
2378,<rps id="58"/><rpnrep id="58"/>
2379,<rps id="59"/><rpnrep id="59"/>
2380,<rps id="6"/>
2381,<rps id="6"/><rm id="10"/>
2382,<rps id="6"/><rm id="10"/><rpnrep id="6"/>
2383,<rps id="6"/><rm id="10"/><rpnsub id="6"/>
2384,<rps id="6"/><rm id="11"/><rpnrep id="6"/>
2385,<rps id="6"/><rm id="11"/><rpnsub id="6"/>
2386,<rps id="6"/><rm id="12"/><rpnrep id="6"/>
2387,<rps id="6"/><rm id="14"/>
2388,<rps id="6"/><rm id="16"/>
2389,<rps id="6"/><rm id="7"/><rm id="10"/><rpnsub id="6"/>
2390,<rps id="6"/><rm id="7"/><rm id="11"/><rpnsub id="6"/>
2391,<rps id="6"/><rm id="7"/><rm id="8"/><rpnrep id="6"/>
2392,<rps id="6"/><rm id="7"/><rm id="8"/><rpnsub id="6"/>
2393,<rps id="6"/><rm id="7"/><rm id="9"/><rp id="5"/><rpnrep id="6"/>
2394,<rps id="6"/><rm id="7"/><rm id="9"/><rpnrep id="6"/>
2395,<rps id="6"/><rm id="7"/><rp id="5"/><rpnrep id="6"/>
2396,<rps id="6"/><rm id="7"/><rp id="5"/><rpnsub id="6"/>
2397,<rps id="6"/><rm id="7"/><rpnrep id="6"/>
2398,<rps id="6"/><rm id="7"/><rpnsub id="6"/>
2399,<rps id="6"/><rm id="8"/>
2400,<rps id="6"/><rm id="8"/><rm id="10"/>
2401,<rps id="6"/><rm id="8"/><rm id="10"/><rpnrep id="6"/>
2402,<rps id="6"/><rm id="8"/><rm id="10"/><rpnsub id="6"/>
2403,<rps id="6"/><rm id="8"/><rp id="1"/>
2404,<rps id="6"/><rm id="8"/><rp id="3"/><rpnsub id="6"/>
2405,<rps id="6"/><rm id="8"/><rpnrep id="6"/>
2406,<rps id="6"/><rm id="8"/><rpnsub id="6"/>
2407,<rps id="6"/><rm id="9"/>
2408,<rps id="6"/><rm id="9"/><rpnrep id="6"/>
2409,<rps id="6"/><rm id="9"/><rpnrep id="6"/><rpnsub id="3"/>
2410,<rps id="6"/><rm id="9"/><rpnsub id="6"/>
2411,<rps id="6"/><rms id="10"/><rms id="11"/>
2412,<rps id="6"/><rms id="7"/>
2413,<rps id="6"/><rms id="8"/>
2414,<rps id="6"/><rp id="1"/><rm id="10"/><rpnrep id="6"/>
2415,<rps id="6"/><rp id="2"/>
2416,<rps id="6"/><rp id="3"/>
2417,<rps id="6"/><rp id="3"/><rpnsub id="6"/>
2418,<rps id="6"/><rp id="4"/>
2419,<rps id="6"/><rp id="4"/><rp id="3"/><rpnsub id="6"/>
2420,<rps id="6"/><rp id="4"/><rpnrep id="6"/>
2421,<rps id="6"/><rp id="4"/><rpnsub id="6"/>
2422,<rps id="6"/><rp id="5"/><rpnrep id="6"/>
2423,<rps id="6"/><rp id="5"/><rpnsub id="6"/>
2424,<rps id="6"/><rpndel id="6"/>
2425,<rps id="6"/><rpndel id="6"/><rm id="7"/>
2426,<rps id="6"/><rpndel id="6"/><rms id="7"/>
2427,<rps id="6"/><rpndel id="6"/><rms id="8"/>
2428,<rps id="6"/><rpndel id="6"/><rpnsub id="4"/>
2429,<rps id="6"/><rpndel id="6"/><rpnsub id="5"/>
2430,<rps id="6"/><rpnrep id="6"/>
2431,<rps id="6"/><rpnrep id="6"/><rpnsub id="3"/>
2432,<rps id="6"/><rpnrep id="6"/><rpnsub id="4"/>
2433,<rps id="6"/><rpnrep id="6"/><rpnsub id="5"/>
2434,<rps id="6"/><rpnsub id="2"/>
2435,<rps id="6"/><rpnsub id="5"/><rpnrep id="6"/>
2436,<rps id="6"/><rpnsub id="5"/><rpnsub id="6"/>
2437,<rps id="6"/><rpnsub id="6"/>
2438,<rps id="60"/><rpndel id="60"/>
2439,<rps id="60"/><rpnrep id="60"/>
2440,<rps id="61"/><rpnrep id="61"/>
2441,<rps id="62"/><rpnrep id="62"/>
2442,<rps id="7"/>
2443,<rps id="7"/><rm id="10"/>
2444,<rps id="7"/><rm id="10"/><rm id="12"/><rpnrep id="7"/>
2445,<rps id="7"/><rm id="10"/><rpnrep id="7"/>
2446,<rps id="7"/><rm id="10"/><rpnsub id="7"/>
2447,<rps id="7"/><rm id="11"/>
2448,<rps id="7"/><rm id="11"/><rm id="13"/><rpnrep id="7"/>
2449,<rps id="7"/><rm id="11"/><rm id="13"/><rpnsub id="7"/>
2450,<rps id="7"/><rm id="11"/><rpnsub id="7"/>
2451,<rps id="7"/><rm id="12"/>
2452,<rps id="7"/><rm id="13"/>
2453,<rps id="7"/><rm id="13"/><rpnsub id="7"/>
2454,<rps id="7"/><rm id="8"/><rm id="10"/><rpnrep id="7"/>
2455,<rps id="7"/><rm id="8"/><rm id="9"/><rpnrep id="7"/>
2456,<rps id="7"/><rm id="8"/><rm id="9"/><rpnsub id="7"/>
2457,<rps id="7"/><rm id="8"/><rpnrep id="7"/>
2458,<rps id="7"/><rm id="8"/><rpnsub id="7"/>
2459,<rps id="7"/><rm id="9"/>
2460,<rps id="7"/><rm id="9"/><rp id="4"/>
2461,<rps id="7"/><rm id="9"/><rp id="5"/><rpnsub id="7"/>
2462,<rps id="7"/><rm id="9"/><rpnrep id="7"/>
2463,<rps id="7"/><rms id="8"/><rpnsub id="7"/>
2464,<rps id="7"/><rp id="1"/><rpnrep id="7"/>
2465,<rps id="7"/><rp id="3"/>
2466,<rps id="7"/><rp id="4"/>
2467,<rps id="7"/><rp id="4"/><rpnrep id="7"/>
2468,<rps id="7"/><rp id="4"/><rpnsub id="7"/>
2469,<rps id="7"/><rp id="5"/>
2470,<rps id="7"/><rp id="5"/><rpnsub id="7"/>
2471,<rps id="7"/><rp id="6"/>
2472,<rps id="7"/><rp id="6"/><rp id="4"/><rpnsub id="7"/>
2473,<rps id="7"/><rp id="6"/><rpnrep id="7"/>
2474,<rps id="7"/><rp id="6"/><rpnsub id="7"/>
2475,<rps id="7"/><rpndel id="7"/>
2476,<rps id="7"/><rpndel id="7"/><rms id="8"/>
2477,<rps id="7"/><rpndel id="7"/><rms id="8"/><rms id="9"/><rms id="11"/>
2478,<rps id="7"/><rpndel id="7"/><rms id="9"/>
2479,<rps id="7"/><rpndel id="7"/><rp id="6"/>
2480,<rps id="7"/><rpndel id="7"/><rp id="6"/><rm id="9"/>
2481,<rps id="7"/><rpndel id="7"/><rpnsub id="4"/>
2482,<rps id="7"/><rpndel id="7"/><rpnsub id="6"/>
2483,<rps id="7"/><rpnrep id="7"/>
2484,<rps id="7"/><rpnrep id="7"/><rpnsub id="4"/>
2485,<rps id="7"/><rpnrep id="7"/><rpnsub id="5"/>
2486,<rps id="7"/><rpnrep id="7"/><rpnsub id="6"/>
2487,<rps id="7"/><rpnsub id="3"/><rpnrep id="7"/>
2488,<rps id="7"/><rpnsub id="5"/><rpnsub id="7"/>
2489,<rps id="7"/><rpnsub id="7"/>
2490,<rps id="7"/><rpnsub id="7"/><rpnsub id="5"/>
2491,<rps id="70"/><rpnsub id="70"/>
2492,<rps id="71"/><rpndel id="71"/>
2493,<rps id="77"/>
2494,<rps id="8"/>
2495,<rps id="8"/><rm id="10"/>
2496,<rps id="8"/><rm id="10"/><rpnrep id="8"/>
2497,<rps id="8"/><rm id="10"/><rpnsub id="8"/>
2498,<rps id="8"/><rm id="11"/>
2499,<rps id="8"/><rm id="11"/><rpnrep id="8"/>
2500,<rps id="8"/><rm id="11"/><rpnsub id="8"/>
2501,<rps id="8"/><rm id="12"/>
2502,<rps id="8"/><rm id="12"/><rpnsub id="8"/><rpnsub id="4"/>
2503,<rps id="8"/><rm id="13"/>
2504,<rps id="8"/><rm id="14"/>
2505,<rps id="8"/><rm id="19"/>
2506,<rps id="8"/><rm id="9"/><rm id="10"/><rp id="7"/><rpnsub id="8"/>
2507,<rps id="8"/><rm id="9"/><rm id="11"/><rpnrep id="8"/>
2508,<rps id="8"/><rm id="9"/><rp id="2"/><rpnrep id="8"/>
2509,<rps id="8"/><rm id="9"/><rp id="6"/><rpnrep id="8"/>
2510,<rps id="8"/><rm id="9"/><rp id="7"/><rpnrep id="8"/>
2511,<rps id="8"/><rm id="9"/><rp id="7"/><rpnsub id="8"/>
2512,<rps id="8"/><rm id="9"/><rpnrep id="8"/>
2513,<rps id="8"/><rm id="9"/><rpnsub id="8"/>
2514,<rps id="8"/><rp id="1"/>
2515,<rps id="8"/><rp id="3"/><rpnrep id="8"/>
2516,<rps id="8"/><rp id="3"/><rpnsub id="8"/>
2517,<rps id="8"/><rp id="4"/><rpnsub id="8"/>
2518,<rps id="8"/><rp id="5"/>
2519,<rps id="8"/><rp id="6"/><rpnrep id="8"/>
2520,<rps id="8"/><rp id="7"/><rpnrep id="8"/>
2521,<rps id="8"/><rp id="7"/><rpnsub id="8"/>
2522,<rps id="8"/><rpndel id="8"/>
2523,<rps id="8"/><rpndel id="8"/><rms id="11"/>
2524,<rps id="8"/><rpndel id="8"/><rms id="9"/>
2525,<rps id="8"/><rpndel id="8"/><rms id="9"/><rms id="11"/>
2526,<rps id="8"/><rpndel id="8"/><rp id="3"/>
2527,<rps id="8"/><rpndel id="8"/><rpnsub id="5"/>
2528,<rps id="8"/><rpndel id="8"/><rpnsub id="7"/>
2529,<rps id="8"/><rpnrep id="8"/>
2530,<rps id="8"/><rpnrep id="8"/><rpnsub id="4"/>
2531,<rps id="8"/><rpnrep id="8"/><rpnsub id="5"/>
2532,<rps id="8"/><rpnrep id="8"/><rpnsub id="6"/>
2533,<rps id="8"/><rpnrep id="8"/><rpnsub id="7"/>
2534,<rps id="8"/><rpnsub id="6"/><rpnsub id="8"/>
2535,<rps id="8"/><rpnsub id="8"/>
2536,<rps id="8"/><rpnsub id="8"/><rpnsub id="5"/>
2537,<rps id="84"/><rpnrep id="84"/>
2538,<rps id="9"/>
2539,<rps id="9"/><rm id="10"/><rm id="11"/><rpnrep id="9"/>
2540,<rps id="9"/><rm id="10"/><rm id="19"/><rpnrep id="9"/>
2541,<rps id="9"/><rm id="10"/><rp id="7"/><rpnsub id="9"/>
2542,<rps id="9"/><rm id="10"/><rpnrep id="9"/>
2543,<rps id="9"/><rm id="10"/><rpnsub id="9"/>
2544,<rps id="9"/><rm id="11"/>
2545,<rps id="9"/><rm id="11"/><rm id="14"/>
2546,<rps id="9"/><rm id="11"/><rpnrep id="9"/>
2547,<rps id="9"/><rm id="11"/><rpnsub id="9"/>
2548,<rps id="9"/><rm id="12"/>
2549,<rps id="9"/><rm id="12"/><rpnsub id="9"/>
2550,<rps id="9"/><rm id="13"/>
2551,<rps id="9"/><rm id="13"/><rm id="18"/>
2552,<rps id="9"/><rm id="13"/><rpnrep id="9"/>
2553,<rps id="9"/><rm id="14"/><rpnrep id="9"/>
2554,<rps id="9"/><rm id="15"/>
2555,<rps id="9"/><rm id="20"/>
2556,<rps id="9"/><rm id="21"/>
2557,<rps id="9"/><rms id="12"/><rpnsub id="9"/>
2558,<rps id="9"/><rp id="3"/><rpnrep id="9"/>
2559,<rps id="9"/><rp id="4"/>
2560,<rps id="9"/><rp id="5"/>
2561,<rps id="9"/><rp id="5"/><rpnsub id="9"/>
2562,<rps id="9"/><rp id="6"/>
2563,<rps id="9"/><rp id="6"/><rpnrep id="9"/>
2564,<rps id="9"/><rp id="6"/><rpnsub id="9"/>
2565,<rps id="9"/><rp id="7"/>
2566,<rps id="9"/><rp id="7"/><rpnsub id="9"/>
2567,<rps id="9"/><rp id="8"/><rpnrep id="9"/>
2568,<rps id="9"/><rp id="8"/><rpnsub id="9"/>
2569,<rps id="9"/><rpndel id="9"/>
2570,<rps id="9"/><rpndel id="9"/><rm id="11"/>
2571,<rps id="9"/><rpndel id="9"/><rms id="10"/>
2572,<rps id="9"/><rpndel id="9"/><rms id="12"/>
2573,<rps id="9"/><rpndel id="9"/><rms id="15"/>
2574,<rps id="9"/><rpndel id="9"/><rms id="16"/>
2575,<rps id="9"/><rpndel id="9"/><rp id="5"/>
2576,<rps id="9"/><rpndel id="9"/><rpnsub id="8"/>
2577,<rps id="9"/><rpnrep id="9"/>
2578,<rps id="9"/><rpnrep id="9"/><rpnsub id="6"/>
2579,<rps id="9"/><rpnrep id="9"/><rpnsub id="7"/>
2580,<rps id="9"/><rpnsub id="2"/><rpnsub id="9"/>
2581,<rps id="9"/><rpnsub id="5"/>
2582,<rps id="9"/><rpnsub id="5"/><rpnsub id="9"/><rpnsub id="8"/>
2583,<rps id="9"/><rpnsub id="9"/>
2584,<rps id="9"/><rpnsub id="9"/><rpnsub id="2"/>
2585,<rps id="9"/><rpnsub id="9"/><rpnsub id="4"/>