0,<e/><diact type="%"/><cc/>
1,<e/><diact type="%"/><ct/>
2,<e/><diact type="%"/><tc/>
3,<e/><diact type="%"/><tt/>
4,<e/><diact type="^2"/><cc/>
5,<e/><diact type="^2"/><ct/>
6,<e/><diact type="^2"/><tc/>
7,<e/><diact type="^g"/><cc/>
8,<e/><diact type="^g"/><ct/>
9,<e/><diact type="^g"/><tc/>
10,<e/><diact type="^h"/><cc/>
11,<e/><diact type="^h"/><ct/>
12,<e/><diact type="^h"/><tc/>
13,<e/><diact type="^h"/><tt/>
14,<e/><diact type="^q"/><cc/>
15,<e/><diact type="^q"/><ct/>
16,<e/><diact type="^q"/><tc/>
17,<e/><diact type="aa"/><cc/>
18,<e/><diact type="aa"/><ct/>
19,<e/><diact type="aa"/><tc/>
20,<e/><diact type="aa"/><tt/>
21,<e/><diact type="aap_am"/><cc/>
22,<e/><diact type="aap_am"/><ct/>
23,<e/><diact type="aap_am"/><tc/>
24,<e/><diact type="ad"/><cc/>
25,<e/><diact type="ad"/><ct/>
26,<e/><diact type="ad"/><tc/>
27,<e/><diact type="ar"/><cc/>
28,<e/><diact type="ar"/><ct/>
29,<e/><diact type="ar"/><tc/>
30,<e/><diact type="ar"/><tt/>
31,<e/><diact type="arp_nd"/><cc/>
32,<e/><diact type="arp_nd"/><ct/>
33,<e/><diact type="arp_nd"/><tc/>
34,<e/><diact type="arp_nd"/><tt/>
35,<e/><diact type="b"/><cc/>
36,<e/><diact type="b"/><ct/>
37,<e/><diact type="b"/><tc/>
38,<e/><diact type="b"/><tt/>
39,<e/><diact type="b^m"/><cc/>
40,<e/><diact type="b^m"/><ct/>
41,<e/><diact type="b^m"/><tc/>
42,<e/><diact type="b^m"/><tt/>
43,<e/><diact type="ba"/><cc/>
44,<e/><diact type="ba"/><ct/>
45,<e/><diact type="ba"/><tc/>
46,<e/><diact type="ba"/><tt/>
47,<e/><diact type="bd"/><cc/>
48,<e/><diact type="bd"/><ct/>
49,<e/><diact type="bd"/><tc/>
50,<e/><diact type="bf"/><cc/>
51,<e/><diact type="bf"/><ct/>
52,<e/><diact type="bf"/><tc/>
53,<e/><diact type="bh"/><cc/>
54,<e/><diact type="bh"/><ct/>
55,<e/><diact type="bh"/><tc/>
56,<e/><diact type="bk"/><cc/>
57,<e/><diact type="bk"/><ct/>
58,<e/><diact type="bk"/><tc/>
59,<e/><diact type="bk"/><tt/>
60,<e/><diact type="br"/><cc/>
61,<e/><diact type="br"/><tc/>
62,<e/><diact type="br"/><tt/>
63,<e/><diact type="fa"/><cc/>
64,<e/><diact type="fa"/><ct/>
65,<e/><diact type="fa"/><tc/>
66,<e/><diact type="fc"/><cc/>
67,<e/><diact type="fc"/><ct/>
68,<e/><diact type="fc"/><tc/>
69,<e/><diact type="fc"/><tt/>
70,<e/><diact type="fo_o_fw_"_by_bc"/><cc/>
71,<e/><diact type="fo_o_fw_"_by_bc"/><ct/>
72,<e/><diact type="fo_o_fw_"_by_bc"/><tc/>
73,<e/><diact type="fo_o_fw_"_by_bc"/><tt/>
74,<e/><diact type="fp"/><cc/>
75,<e/><diact type="fp"/><ct/>
76,<e/><diact type="fp"/><tc/>
77,<e/><diact type="ft"/><cc/>
78,<e/><diact type="ft"/><tc/>
79,<e/><diact type="h"/><cc/>
80,<e/><diact type="h"/><ct/>
81,<e/><diact type="h"/><tc/>
82,<e/><diact type="h"/><tt/>
83,<e/><diact type="na"/><cc/>
84,<e/><diact type="na"/><ct/>
85,<e/><diact type="na"/><tc/>
86,<e/><diact type="ng"/><cc/>
87,<e/><diact type="ng"/><ct/>
88,<e/><diact type="ng"/><tc/>
89,<e/><diact type="nn"/><cc/>
90,<e/><diact type="nn"/><ct/>
91,<e/><diact type="nn"/><tc/>
92,<e/><diact type="no"/><cc/>
93,<e/><diact type="no"/><ct/>
94,<e/><diact type="no"/><tc/>
95,<e/><diact type="no"/><tt/>
96,<e/><diact type="ny"/><cc/>
97,<e/><diact type="ny"/><ct/>
98,<e/><diact type="ny"/><tc/>
99,<e/><diact type="ny"/><tt/>
100,<e/><diact type="oo_co_cc"/><cc/>
101,<e/><diact type="oo_co_cc"/><ct/>
102,<e/><diact type="oo_co_cc"/><tc/>
103,<e/><diact type="qh"/><cc/>
104,<e/><diact type="qh"/><ct/>
105,<e/><diact type="qh"/><tc/>
106,<e/><diact type="qo"/><cc/>
107,<e/><diact type="qo"/><ct/>
108,<e/><diact type="qo"/><tc/>
109,<e/><diact type="qrr"/><cc/>
110,<e/><diact type="qrr"/><ct/>
111,<e/><diact type="qrr"/><tc/>
112,<e/><diact type="qw"/><cc/>
113,<e/><diact type="qw"/><ct/>
114,<e/><diact type="qw"/><tc/>
115,<e/><diact type="qw^d"/><cc/>
116,<e/><diact type="qw^d"/><ct/>
117,<e/><diact type="qw^d"/><tc/>
118,<e/><diact type="qy"/><cc/>
119,<e/><diact type="qy"/><ct/>
120,<e/><diact type="qy"/><tc/>
121,<e/><diact type="qy"/><tt/>
122,<e/><diact type="qy^d"/><cc/>
123,<e/><diact type="qy^d"/><ct/>
124,<e/><diact type="qy^d"/><tc/>
125,<e/><diact type="sd"/><cc/>
126,<e/><diact type="sd"/><ct/>
127,<e/><diact type="sd"/><tc/>
128,<e/><diact type="sv"/><cc/>
129,<e/><diact type="sv"/><ct/>
130,<e/><diact type="sv"/><tc/>
131,<e/><diact type="t1"/><cc/>
132,<e/><diact type="t1"/><ct/>
133,<e/><diact type="t1"/><tc/>
134,<e/><diact type="t3"/><cc/>
135,<e/><diact type="t3"/><tc/>
136,<f/><diact type="%"/><cc/>
137,<f/><diact type="%"/><ct/>
138,<f/><diact type="%"/><tc/>
139,<f/><diact type="%"/><tt/>
140,<f/><diact type="^2"/><cc/>
141,<f/><diact type="^2"/><ct/>
142,<f/><diact type="^2"/><tc/>
143,<f/><diact type="^2"/><tt/>
144,<f/><diact type="^g"/><cc/>
145,<f/><diact type="^g"/><ct/>
146,<f/><diact type="^g"/><tc/>
147,<f/><diact type="^g"/><tt/>
148,<f/><diact type="^h"/><cc/>
149,<f/><diact type="^h"/><ct/>
150,<f/><diact type="^h"/><tc/>
151,<f/><diact type="^h"/><tt/>
152,<f/><diact type="^q"/><cc/>
153,<f/><diact type="^q"/><ct/>
154,<f/><diact type="^q"/><tc/>
155,<f/><diact type="^q"/><tt/>
156,<f/><diact type="aa"/><cc/>
157,<f/><diact type="aa"/><ct/>
158,<f/><diact type="aa"/><tc/>
159,<f/><diact type="aa"/><tt/>
160,<f/><diact type="aap_am"/><cc/>
161,<f/><diact type="aap_am"/><ct/>
162,<f/><diact type="aap_am"/><tc/>
163,<f/><diact type="aap_am"/><tt/>
164,<f/><diact type="ad"/><cc/>
165,<f/><diact type="ad"/><ct/>
166,<f/><diact type="ad"/><tc/>
167,<f/><diact type="ad"/><tt/>
168,<f/><diact type="ar"/><cc/>
169,<f/><diact type="ar"/><ct/>
170,<f/><diact type="ar"/><tc/>
171,<f/><diact type="ar"/><tt/>
172,<f/><diact type="arp_nd"/><cc/>
173,<f/><diact type="arp_nd"/><ct/>
174,<f/><diact type="arp_nd"/><tc/>
175,<f/><diact type="arp_nd"/><tt/>
176,<f/><diact type="b"/><cc/>
177,<f/><diact type="b"/><ct/>
178,<f/><diact type="b"/><tc/>
179,<f/><diact type="b"/><tt/>
180,<f/><diact type="b^m"/><cc/>
181,<f/><diact type="b^m"/><ct/>
182,<f/><diact type="b^m"/><tc/>
183,<f/><diact type="b^m"/><tt/>
184,<f/><diact type="ba"/><cc/>
185,<f/><diact type="ba"/><ct/>
186,<f/><diact type="ba"/><tc/>
187,<f/><diact type="ba"/><tt/>
188,<f/><diact type="bd"/><cc/>
189,<f/><diact type="bd"/><ct/>
190,<f/><diact type="bd"/><tc/>
191,<f/><diact type="bd"/><tt/>
192,<f/><diact type="bf"/><cc/>
193,<f/><diact type="bf"/><ct/>
194,<f/><diact type="bf"/><tc/>
195,<f/><diact type="bf"/><tt/>
196,<f/><diact type="bh"/><cc/>
197,<f/><diact type="bh"/><ct/>
198,<f/><diact type="bh"/><tc/>
199,<f/><diact type="bh"/><tt/>
200,<f/><diact type="bk"/><cc/>
201,<f/><diact type="bk"/><ct/>
202,<f/><diact type="bk"/><tc/>
203,<f/><diact type="bk"/><tt/>
204,<f/><diact type="br"/><cc/>
205,<f/><diact type="br"/><ct/>
206,<f/><diact type="br"/><tc/>
207,<f/><diact type="br"/><tt/>
208,<f/><diact type="fa"/><cc/>
209,<f/><diact type="fa"/><ct/>
210,<f/><diact type="fa"/><tc/>
211,<f/><diact type="fa"/><tt/>
212,<f/><diact type="fc"/><cc/>
213,<f/><diact type="fc"/><ct/>
214,<f/><diact type="fc"/><tc/>
215,<f/><diact type="fc"/><tt/>
216,<f/><diact type="fo_o_fw_"_by_bc"/><cc/>
217,<f/><diact type="fo_o_fw_"_by_bc"/><ct/>
218,<f/><diact type="fo_o_fw_"_by_bc"/><tc/>
219,<f/><diact type="fo_o_fw_"_by_bc"/><tt/>
220,<f/><diact type="fp"/><cc/>
221,<f/><diact type="fp"/><ct/>
222,<f/><diact type="fp"/><tc/>
223,<f/><diact type="fp"/><tt/>
224,<f/><diact type="ft"/><cc/>
225,<f/><diact type="ft"/><ct/>
226,<f/><diact type="ft"/><tc/>
227,<f/><diact type="ft"/><tt/>
228,<f/><diact type="h"/><cc/>
229,<f/><diact type="h"/><ct/>
230,<f/><diact type="h"/><tc/>
231,<f/><diact type="h"/><tt/>
232,<f/><diact type="na"/><cc/>
233,<f/><diact type="na"/><ct/>
234,<f/><diact type="na"/><tc/>
235,<f/><diact type="na"/><tt/>
236,<f/><diact type="ng"/><cc/>
237,<f/><diact type="ng"/><ct/>
238,<f/><diact type="ng"/><tc/>
239,<f/><diact type="ng"/><tt/>
240,<f/><diact type="nn"/><cc/>
241,<f/><diact type="nn"/><ct/>
242,<f/><diact type="nn"/><tc/>
243,<f/><diact type="nn"/><tt/>
244,<f/><diact type="no"/><cc/>
245,<f/><diact type="no"/><ct/>
246,<f/><diact type="no"/><tc/>
247,<f/><diact type="no"/><tt/>
248,<f/><diact type="ny"/><cc/>
249,<f/><diact type="ny"/><ct/>
250,<f/><diact type="ny"/><tc/>
251,<f/><diact type="ny"/><tt/>
252,<f/><diact type="oo_co_cc"/><cc/>
253,<f/><diact type="oo_co_cc"/><ct/>
254,<f/><diact type="oo_co_cc"/><tc/>
255,<f/><diact type="qh"/><cc/>
256,<f/><diact type="qh"/><ct/>
257,<f/><diact type="qh"/><tc/>
258,<f/><diact type="qh"/><tt/>
259,<f/><diact type="qo"/><cc/>
260,<f/><diact type="qo"/><ct/>
261,<f/><diact type="qo"/><tc/>
262,<f/><diact type="qo"/><tt/>
263,<f/><diact type="qrr"/><cc/>
264,<f/><diact type="qrr"/><ct/>
265,<f/><diact type="qrr"/><tc/>
266,<f/><diact type="qw"/><cc/>
267,<f/><diact type="qw"/><ct/>
268,<f/><diact type="qw"/><tc/>
269,<f/><diact type="qw"/><tt/>
270,<f/><diact type="qw^d"/><cc/>
271,<f/><diact type="qw^d"/><ct/>
272,<f/><diact type="qw^d"/><tc/>
273,<f/><diact type="qy"/><cc/>
274,<f/><diact type="qy"/><ct/>
275,<f/><diact type="qy"/><tc/>
276,<f/><diact type="qy"/><tt/>
277,<f/><diact type="qy^d"/><cc/>
278,<f/><diact type="qy^d"/><ct/>
279,<f/><diact type="qy^d"/><tc/>
280,<f/><diact type="qy^d"/><tt/>
281,<f/><diact type="sd"/><cc/>
282,<f/><diact type="sd"/><ct/>
283,<f/><diact type="sd"/><tc/>
284,<f/><diact type="sd"/><tt/>
285,<f/><diact type="sv"/><cc/>
286,<f/><diact type="sv"/><ct/>
287,<f/><diact type="sv"/><tc/>
288,<f/><diact type="sv"/><tt/>
289,<f/><diact type="t1"/><cc/>
290,<f/><diact type="t1"/><ct/>
291,<f/><diact type="t1"/><tc/>
292,<f/><diact type="t1"/><tt/>
293,<f/><diact type="t3"/><cc/>
294,<f/><diact type="t3"/><ct/>
295,<f/><diact type="t3"/><tc/>
296,<f/><diact type="t3"/><tt/>
297,<rm-1/><rpEndDel/><diact type="%"/><cc/>
298,<rm-1/><rpEndDel/><diact type="%"/><ct/>
299,<rm-1/><rpEndDel/><diact type="^2"/><cc/>
300,<rm-1/><rpEndDel/><diact type="^2"/><ct/>
301,<rm-1/><rpEndDel/><diact type="^h"/><cc/>
302,<rm-1/><rpEndDel/><diact type="^q"/><cc/>
303,<rm-1/><rpEndDel/><diact type="aa"/><cc/>
304,<rm-1/><rpEndDel/><diact type="aa"/><ct/>
305,<rm-1/><rpEndDel/><diact type="aap_am"/><cc/>
306,<rm-1/><rpEndDel/><diact type="ad"/><cc/>
307,<rm-1/><rpEndDel/><diact type="arp_nd"/><cc/>
308,<rm-1/><rpEndDel/><diact type="b"/><ct/>
309,<rm-1/><rpEndDel/><diact type="ba"/><cc/>
310,<rm-1/><rpEndDel/><diact type="bf"/><cc/>
311,<rm-1/><rpEndDel/><diact type="bk"/><ct/>
312,<rm-1/><rpEndDel/><diact type="fc"/><cc/>
313,<rm-1/><rpEndDel/><diact type="fo_o_fw_"_by_bc"/><cc/>
314,<rm-1/><rpEndDel/><diact type="h"/><cc/>
315,<rm-1/><rpEndDel/><diact type="na"/><cc/>
316,<rm-1/><rpEndDel/><diact type="qh"/><cc/>
317,<rm-1/><rpEndDel/><diact type="qo"/><cc/>
318,<rm-1/><rpEndDel/><diact type="qrr"/><cc/>
319,<rm-1/><rpEndDel/><diact type="qw"/><cc/>
320,<rm-1/><rpEndDel/><diact type="qy"/><cc/>
321,<rm-1/><rpEndDel/><diact type="qy"/><ct/>
322,<rm-1/><rpEndDel/><diact type="qy^d"/><cc/>
323,<rm-1/><rpEndDel/><diact type="qy^d"/><ct/>
324,<rm-1/><rpEndDel/><diact type="sd"/><cc/>
325,<rm-1/><rpEndDel/><diact type="sd"/><ct/>
326,<rm-1/><rpEndDel/><diact type="sv"/><cc/>
327,<rm-1/><rpEndDel/><diact type="sv"/><ct/>
328,<rm-1/><rpEndDel/><diact type="t1"/><cc/>
329,<rm-1/><rpEndSub/><diact type="%"/><cc/>
330,<rm-1/><rpEndSub/><diact type="%"/><ct/>
331,<rm-1/><rpEndSub/><diact type="^2"/><cc/>
332,<rm-1/><rpEndSub/><diact type="^2"/><ct/>
333,<rm-1/><rpEndSub/><diact type="^h"/><cc/>
334,<rm-1/><rpEndSub/><diact type="^h"/><ct/>
335,<rm-1/><rpEndSub/><diact type="^q"/><cc/>
336,<rm-1/><rpEndSub/><diact type="aa"/><cc/>
337,<rm-1/><rpEndSub/><diact type="aa"/><ct/>
338,<rm-1/><rpEndSub/><diact type="aap_am"/><cc/>
339,<rm-1/><rpEndSub/><diact type="ad"/><cc/>
340,<rm-1/><rpEndSub/><diact type="ad"/><ct/>
341,<rm-1/><rpEndSub/><diact type="ar"/><cc/>
342,<rm-1/><rpEndSub/><diact type="ar"/><ct/>
343,<rm-1/><rpEndSub/><diact type="arp_nd"/><cc/>
344,<rm-1/><rpEndSub/><diact type="b"/><cc/>
345,<rm-1/><rpEndSub/><diact type="b"/><ct/>
346,<rm-1/><rpEndSub/><diact type="b^m"/><cc/>
347,<rm-1/><rpEndSub/><diact type="b^m"/><ct/>
348,<rm-1/><rpEndSub/><diact type="ba"/><cc/>
349,<rm-1/><rpEndSub/><diact type="ba"/><ct/>
350,<rm-1/><rpEndSub/><diact type="bd"/><cc/>
351,<rm-1/><rpEndSub/><diact type="bf"/><cc/>
352,<rm-1/><rpEndSub/><diact type="bh"/><cc/>
353,<rm-1/><rpEndSub/><diact type="bk"/><cc/>
354,<rm-1/><rpEndSub/><diact type="bk"/><ct/>
355,<rm-1/><rpEndSub/><diact type="br"/><cc/>
356,<rm-1/><rpEndSub/><diact type="fc"/><cc/>
357,<rm-1/><rpEndSub/><diact type="fc"/><ct/>
358,<rm-1/><rpEndSub/><diact type="fo_o_fw_"_by_bc"/><cc/>
359,<rm-1/><rpEndSub/><diact type="fo_o_fw_"_by_bc"/><ct/>
360,<rm-1/><rpEndSub/><diact type="fp"/><cc/>
361,<rm-1/><rpEndSub/><diact type="ft"/><cc/>
362,<rm-1/><rpEndSub/><diact type="h"/><cc/>
363,<rm-1/><rpEndSub/><diact type="h"/><ct/>
364,<rm-1/><rpEndSub/><diact type="na"/><cc/>
365,<rm-1/><rpEndSub/><diact type="na"/><ct/>
366,<rm-1/><rpEndSub/><diact type="ng"/><cc/>
367,<rm-1/><rpEndSub/><diact type="nn"/><cc/>
368,<rm-1/><rpEndSub/><diact type="nn"/><ct/>
369,<rm-1/><rpEndSub/><diact type="no"/><cc/>
370,<rm-1/><rpEndSub/><diact type="ny"/><cc/>
371,<rm-1/><rpEndSub/><diact type="ny"/><ct/>
372,<rm-1/><rpEndSub/><diact type="oo_co_cc"/><cc/>
373,<rm-1/><rpEndSub/><diact type="qh"/><cc/>
374,<rm-1/><rpEndSub/><diact type="qh"/><ct/>
375,<rm-1/><rpEndSub/><diact type="qo"/><cc/>
376,<rm-1/><rpEndSub/><diact type="qrr"/><cc/>
377,<rm-1/><rpEndSub/><diact type="qrr"/><ct/>
378,<rm-1/><rpEndSub/><diact type="qw"/><cc/>
379,<rm-1/><rpEndSub/><diact type="qw"/><ct/>
380,<rm-1/><rpEndSub/><diact type="qw^d"/><cc/>
381,<rm-1/><rpEndSub/><diact type="qw^d"/><ct/>
382,<rm-1/><rpEndSub/><diact type="qy"/><cc/>
383,<rm-1/><rpEndSub/><diact type="qy"/><ct/>
384,<rm-1/><rpEndSub/><diact type="qy^d"/><cc/>
385,<rm-1/><rpEndSub/><diact type="qy^d"/><ct/>
386,<rm-1/><rpEndSub/><diact type="sd"/><cc/>
387,<rm-1/><rpEndSub/><diact type="sd"/><ct/>
388,<rm-1/><rpEndSub/><diact type="sv"/><cc/>
389,<rm-1/><rpEndSub/><diact type="sv"/><ct/>
390,<rm-1/><rpEndSub/><diact type="t1"/><cc/>
391,<rm-1/><rpEndSub/><diact type="t3"/><cc/>
392,<rm-1/><rpMid/><diact type="%"/><cc/>
393,<rm-1/><rpMid/><diact type="^2"/><cc/>
394,<rm-1/><rpMid/><diact type="^h"/><cc/>
395,<rm-1/><rpMid/><diact type="^q"/><cc/>
396,<rm-1/><rpMid/><diact type="aa"/><cc/>
397,<rm-1/><rpMid/><diact type="aap_am"/><cc/>
398,<rm-1/><rpMid/><diact type="ad"/><cc/>
399,<rm-1/><rpMid/><diact type="ar"/><cc/>
400,<rm-1/><rpMid/><diact type="arp_nd"/><cc/>
401,<rm-1/><rpMid/><diact type="b"/><cc/>
402,<rm-1/><rpMid/><diact type="ba"/><cc/>
403,<rm-1/><rpMid/><diact type="bf"/><cc/>
404,<rm-1/><rpMid/><diact type="bh"/><cc/>
405,<rm-1/><rpMid/><diact type="fa"/><cc/>
406,<rm-1/><rpMid/><diact type="fc"/><cc/>
407,<rm-1/><rpMid/><diact type="fo_o_fw_"_by_bc"/><cc/>
408,<rm-1/><rpMid/><diact type="fp"/><cc/>
409,<rm-1/><rpMid/><diact type="h"/><cc/>
410,<rm-1/><rpMid/><diact type="na"/><cc/>
411,<rm-1/><rpMid/><diact type="ng"/><cc/>
412,<rm-1/><rpMid/><diact type="no"/><cc/>
413,<rm-1/><rpMid/><diact type="qh"/><cc/>
414,<rm-1/><rpMid/><diact type="qo"/><cc/>
415,<rm-1/><rpMid/><diact type="qw"/><cc/>
416,<rm-1/><rpMid/><diact type="qw^d"/><cc/>
417,<rm-1/><rpMid/><diact type="qy"/><cc/>
418,<rm-1/><rpMid/><diact type="qy^d"/><cc/>
419,<rm-1/><rpMid/><diact type="sd"/><cc/>
420,<rm-1/><rpMid/><diact type="sv"/><cc/>
421,<rm-2/><rpEndDel/><diact type="%"/><cc/>
422,<rm-2/><rpEndDel/><diact type="%"/><ct/>
423,<rm-2/><rpEndDel/><diact type="^q"/><cc/>
424,<rm-2/><rpEndDel/><diact type="ad"/><cc/>
425,<rm-2/><rpEndDel/><diact type="b"/><ct/>
426,<rm-2/><rpEndDel/><diact type="ba"/><cc/>
427,<rm-2/><rpEndDel/><diact type="bf"/><cc/>
428,<rm-2/><rpEndDel/><diact type="bh"/><ct/>
429,<rm-2/><rpEndDel/><diact type="fc"/><cc/>
430,<rm-2/><rpEndDel/><diact type="fo_o_fw_"_by_bc"/><cc/>
431,<rm-2/><rpEndDel/><diact type="na"/><cc/>
432,<rm-2/><rpEndDel/><diact type="ng"/><cc/>
433,<rm-2/><rpEndDel/><diact type="qw"/><cc/>
434,<rm-2/><rpEndDel/><diact type="qw^d"/><cc/>
435,<rm-2/><rpEndDel/><diact type="qy"/><cc/>
436,<rm-2/><rpEndDel/><diact type="qy^d"/><ct/>
437,<rm-2/><rpEndDel/><diact type="sd"/><cc/>
438,<rm-2/><rpEndDel/><diact type="sd"/><ct/>
439,<rm-2/><rpEndDel/><diact type="sv"/><cc/>
440,<rm-2/><rpEndDel/><diact type="sv"/><ct/>
441,<rm-2/><rpEndSub/><diact type="%"/><cc/>
442,<rm-2/><rpEndSub/><diact type="%"/><ct/>
443,<rm-2/><rpEndSub/><diact type="^2"/><cc/>
444,<rm-2/><rpEndSub/><diact type="^h"/><cc/>
445,<rm-2/><rpEndSub/><diact type="^q"/><cc/>
446,<rm-2/><rpEndSub/><diact type="^q"/><ct/>
447,<rm-2/><rpEndSub/><diact type="aa"/><cc/>
448,<rm-2/><rpEndSub/><diact type="aa"/><ct/>
449,<rm-2/><rpEndSub/><diact type="aap_am"/><cc/>
450,<rm-2/><rpEndSub/><diact type="ad"/><cc/>
451,<rm-2/><rpEndSub/><diact type="ar"/><cc/>
452,<rm-2/><rpEndSub/><diact type="ar"/><ct/>
453,<rm-2/><rpEndSub/><diact type="arp_nd"/><cc/>
454,<rm-2/><rpEndSub/><diact type="b"/><ct/>
455,<rm-2/><rpEndSub/><diact type="ba"/><cc/>
456,<rm-2/><rpEndSub/><diact type="ba"/><ct/>
457,<rm-2/><rpEndSub/><diact type="bd"/><cc/>
458,<rm-2/><rpEndSub/><diact type="bf"/><cc/>
459,<rm-2/><rpEndSub/><diact type="bk"/><cc/>
460,<rm-2/><rpEndSub/><diact type="br"/><cc/>
461,<rm-2/><rpEndSub/><diact type="fc"/><cc/>
462,<rm-2/><rpEndSub/><diact type="fo_o_fw_"_by_bc"/><cc/>
463,<rm-2/><rpEndSub/><diact type="h"/><cc/>
464,<rm-2/><rpEndSub/><diact type="na"/><cc/>
465,<rm-2/><rpEndSub/><diact type="na"/><ct/>
466,<rm-2/><rpEndSub/><diact type="ng"/><cc/>
467,<rm-2/><rpEndSub/><diact type="nn"/><cc/>
468,<rm-2/><rpEndSub/><diact type="no"/><cc/>
469,<rm-2/><rpEndSub/><diact type="oo_co_cc"/><cc/>
470,<rm-2/><rpEndSub/><diact type="qh"/><cc/>
471,<rm-2/><rpEndSub/><diact type="qo"/><cc/>
472,<rm-2/><rpEndSub/><diact type="qrr"/><cc/>
473,<rm-2/><rpEndSub/><diact type="qw"/><cc/>
474,<rm-2/><rpEndSub/><diact type="qw"/><ct/>
475,<rm-2/><rpEndSub/><diact type="qw^d"/><cc/>
476,<rm-2/><rpEndSub/><diact type="qw^d"/><ct/>
477,<rm-2/><rpEndSub/><diact type="qy"/><cc/>
478,<rm-2/><rpEndSub/><diact type="qy^d"/><cc/>
479,<rm-2/><rpEndSub/><diact type="sd"/><cc/>
480,<rm-2/><rpEndSub/><diact type="sd"/><ct/>
481,<rm-2/><rpEndSub/><diact type="sv"/><cc/>
482,<rm-2/><rpEndSub/><diact type="sv"/><ct/>
483,<rm-2/><rpMid/><diact type="%"/><cc/>
484,<rm-2/><rpMid/><diact type="^2"/><cc/>
485,<rm-2/><rpMid/><diact type="^h"/><cc/>
486,<rm-2/><rpMid/><diact type="^q"/><cc/>
487,<rm-2/><rpMid/><diact type="aa"/><cc/>
488,<rm-2/><rpMid/><diact type="aap_am"/><cc/>
489,<rm-2/><rpMid/><diact type="ad"/><cc/>
490,<rm-2/><rpMid/><diact type="ar"/><cc/>
491,<rm-2/><rpMid/><diact type="arp_nd"/><cc/>
492,<rm-2/><rpMid/><diact type="b"/><cc/>
493,<rm-2/><rpMid/><diact type="b^m"/><cc/>
494,<rm-2/><rpMid/><diact type="ba"/><cc/>
495,<rm-2/><rpMid/><diact type="bd"/><cc/>
496,<rm-2/><rpMid/><diact type="bf"/><cc/>
497,<rm-2/><rpMid/><diact type="bh"/><cc/>
498,<rm-2/><rpMid/><diact type="bk"/><cc/>
499,<rm-2/><rpMid/><diact type="br"/><cc/>
500,<rm-2/><rpMid/><diact type="fa"/><cc/>
501,<rm-2/><rpMid/><diact type="fc"/><cc/>
502,<rm-2/><rpMid/><diact type="fo_o_fw_"_by_bc"/><cc/>
503,<rm-2/><rpMid/><diact type="h"/><cc/>
504,<rm-2/><rpMid/><diact type="na"/><cc/>
505,<rm-2/><rpMid/><diact type="ng"/><cc/>
506,<rm-2/><rpMid/><diact type="no"/><cc/>
507,<rm-2/><rpMid/><diact type="oo_co_cc"/><cc/>
508,<rm-2/><rpMid/><diact type="qh"/><cc/>
509,<rm-2/><rpMid/><diact type="qo"/><cc/>
510,<rm-2/><rpMid/><diact type="qrr"/><cc/>
511,<rm-2/><rpMid/><diact type="qw"/><cc/>
512,<rm-2/><rpMid/><diact type="qw^d"/><cc/>
513,<rm-2/><rpMid/><diact type="qy"/><cc/>
514,<rm-2/><rpMid/><diact type="qy^d"/><cc/>
515,<rm-2/><rpMid/><diact type="sd"/><cc/>
516,<rm-2/><rpMid/><diact type="sv"/><cc/>
517,<rm-2/><rpMid/><diact type="t1"/><cc/>
518,<rm-2/><rpMid/><diact type="t3"/><cc/>
519,<rm-3/><rpEndDel/><diact type="%"/><cc/>
520,<rm-3/><rpEndDel/><diact type="%"/><ct/>
521,<rm-3/><rpEndDel/><diact type="^q"/><cc/>
522,<rm-3/><rpEndDel/><diact type="aa"/><cc/>
523,<rm-3/><rpEndDel/><diact type="ad"/><cc/>
524,<rm-3/><rpEndDel/><diact type="bf"/><cc/>
525,<rm-3/><rpEndDel/><diact type="br"/><cc/>
526,<rm-3/><rpEndDel/><diact type="na"/><cc/>
527,<rm-3/><rpEndDel/><diact type="qh"/><cc/>
528,<rm-3/><rpEndDel/><diact type="qw"/><cc/>
529,<rm-3/><rpEndDel/><diact type="qy"/><cc/>
530,<rm-3/><rpEndDel/><diact type="qy^d"/><cc/>
531,<rm-3/><rpEndDel/><diact type="sd"/><cc/>
532,<rm-3/><rpEndDel/><diact type="sd"/><ct/>
533,<rm-3/><rpEndDel/><diact type="sv"/><cc/>
534,<rm-3/><rpEndSub/><diact type="%"/><cc/>
535,<rm-3/><rpEndSub/><diact type="%"/><ct/>
536,<rm-3/><rpEndSub/><diact type="^h"/><cc/>
537,<rm-3/><rpEndSub/><diact type="^q"/><cc/>
538,<rm-3/><rpEndSub/><diact type="aa"/><cc/>
539,<rm-3/><rpEndSub/><diact type="ad"/><cc/>
540,<rm-3/><rpEndSub/><diact type="ar"/><cc/>
541,<rm-3/><rpEndSub/><diact type="arp_nd"/><cc/>
542,<rm-3/><rpEndSub/><diact type="ba"/><cc/>
543,<rm-3/><rpEndSub/><diact type="bf"/><cc/>
544,<rm-3/><rpEndSub/><diact type="fc"/><cc/>
545,<rm-3/><rpEndSub/><diact type="fo_o_fw_"_by_bc"/><cc/>
546,<rm-3/><rpEndSub/><diact type="h"/><cc/>
547,<rm-3/><rpEndSub/><diact type="na"/><cc/>
548,<rm-3/><rpEndSub/><diact type="ng"/><cc/>
549,<rm-3/><rpEndSub/><diact type="nn"/><ct/>
550,<rm-3/><rpEndSub/><diact type="no"/><cc/>
551,<rm-3/><rpEndSub/><diact type="qh"/><cc/>
552,<rm-3/><rpEndSub/><diact type="qo"/><cc/>
553,<rm-3/><rpEndSub/><diact type="qrr"/><cc/>
554,<rm-3/><rpEndSub/><diact type="qw"/><cc/>
555,<rm-3/><rpEndSub/><diact type="qy"/><cc/>
556,<rm-3/><rpEndSub/><diact type="qy^d"/><cc/>
557,<rm-3/><rpEndSub/><diact type="sd"/><cc/>
558,<rm-3/><rpEndSub/><diact type="sd"/><ct/>
559,<rm-3/><rpEndSub/><diact type="sv"/><cc/>
560,<rm-3/><rpEndSub/><diact type="sv"/><ct/>
561,<rm-3/><rpEndSub/><diact type="t1"/><cc/>
562,<rm-3/><rpMid/><diact type="%"/><cc/>
563,<rm-3/><rpMid/><diact type="^2"/><cc/>
564,<rm-3/><rpMid/><diact type="^q"/><cc/>
565,<rm-3/><rpMid/><diact type="aa"/><cc/>
566,<rm-3/><rpMid/><diact type="aap_am"/><cc/>
567,<rm-3/><rpMid/><diact type="ad"/><cc/>
568,<rm-3/><rpMid/><diact type="ar"/><cc/>
569,<rm-3/><rpMid/><diact type="arp_nd"/><cc/>
570,<rm-3/><rpMid/><diact type="b"/><cc/>
571,<rm-3/><rpMid/><diact type="b^m"/><cc/>
572,<rm-3/><rpMid/><diact type="ba"/><cc/>
573,<rm-3/><rpMid/><diact type="bd"/><cc/>
574,<rm-3/><rpMid/><diact type="bf"/><cc/>
575,<rm-3/><rpMid/><diact type="br"/><cc/>
576,<rm-3/><rpMid/><diact type="fc"/><cc/>
577,<rm-3/><rpMid/><diact type="fo_o_fw_"_by_bc"/><cc/>
578,<rm-3/><rpMid/><diact type="h"/><cc/>
579,<rm-3/><rpMid/><diact type="na"/><cc/>
580,<rm-3/><rpMid/><diact type="ng"/><cc/>
581,<rm-3/><rpMid/><diact type="no"/><cc/>
582,<rm-3/><rpMid/><diact type="oo_co_cc"/><cc/>
583,<rm-3/><rpMid/><diact type="qh"/><cc/>
584,<rm-3/><rpMid/><diact type="qo"/><cc/>
585,<rm-3/><rpMid/><diact type="qrr"/><cc/>
586,<rm-3/><rpMid/><diact type="qw"/><cc/>
587,<rm-3/><rpMid/><diact type="qw^d"/><cc/>
588,<rm-3/><rpMid/><diact type="qy"/><cc/>
589,<rm-3/><rpMid/><diact type="qy^d"/><cc/>
590,<rm-3/><rpMid/><diact type="sd"/><cc/>
591,<rm-3/><rpMid/><diact type="sv"/><cc/>
592,<rm-3/><rpMid/><diact type="t1"/><cc/>
593,<rm-4/><rpEndDel/><diact type="%"/><cc/>
594,<rm-4/><rpEndDel/><diact type="%"/><ct/>
595,<rm-4/><rpEndDel/><diact type="qh"/><cc/>
596,<rm-4/><rpEndDel/><diact type="qrr"/><cc/>
597,<rm-4/><rpEndDel/><diact type="qw"/><cc/>
598,<rm-4/><rpEndDel/><diact type="qy"/><cc/>
599,<rm-4/><rpEndDel/><diact type="sd"/><cc/>
600,<rm-4/><rpEndDel/><diact type="sv"/><cc/>
601,<rm-4/><rpEndDel/><diact type="sv"/><ct/>
602,<rm-4/><rpEndSub/><diact type="%"/><cc/>
603,<rm-4/><rpEndSub/><diact type="%"/><ct/>
604,<rm-4/><rpEndSub/><diact type="^h"/><cc/>
605,<rm-4/><rpEndSub/><diact type="aa"/><cc/>
606,<rm-4/><rpEndSub/><diact type="ar"/><cc/>
607,<rm-4/><rpEndSub/><diact type="bf"/><cc/>
608,<rm-4/><rpEndSub/><diact type="h"/><cc/>
609,<rm-4/><rpEndSub/><diact type="na"/><cc/>
610,<rm-4/><rpEndSub/><diact type="no"/><cc/>
611,<rm-4/><rpEndSub/><diact type="qh"/><cc/>
612,<rm-4/><rpEndSub/><diact type="qw"/><cc/>
613,<rm-4/><rpEndSub/><diact type="qy"/><cc/>
614,<rm-4/><rpEndSub/><diact type="qy^d"/><cc/>
615,<rm-4/><rpEndSub/><diact type="sd"/><cc/>
616,<rm-4/><rpEndSub/><diact type="sd"/><ct/>
617,<rm-4/><rpEndSub/><diact type="sv"/><cc/>
618,<rm-4/><rpEndSub/><diact type="sv"/><ct/>
619,<rm-4/><rpMid/><diact type="%"/><cc/>
620,<rm-4/><rpMid/><diact type="^2"/><cc/>
621,<rm-4/><rpMid/><diact type="^h"/><cc/>
622,<rm-4/><rpMid/><diact type="^q"/><cc/>
623,<rm-4/><rpMid/><diact type="aa"/><cc/>
624,<rm-4/><rpMid/><diact type="aap_am"/><cc/>
625,<rm-4/><rpMid/><diact type="ar"/><cc/>
626,<rm-4/><rpMid/><diact type="arp_nd"/><cc/>
627,<rm-4/><rpMid/><diact type="ba"/><cc/>
628,<rm-4/><rpMid/><diact type="bf"/><cc/>
629,<rm-4/><rpMid/><diact type="fc"/><cc/>
630,<rm-4/><rpMid/><diact type="h"/><cc/>
631,<rm-4/><rpMid/><diact type="na"/><cc/>
632,<rm-4/><rpMid/><diact type="ng"/><cc/>
633,<rm-4/><rpMid/><diact type="no"/><cc/>
634,<rm-4/><rpMid/><diact type="qh"/><cc/>
635,<rm-4/><rpMid/><diact type="qo"/><cc/>
636,<rm-4/><rpMid/><diact type="qw"/><cc/>
637,<rm-4/><rpMid/><diact type="qw^d"/><cc/>
638,<rm-4/><rpMid/><diact type="qy"/><cc/>
639,<rm-4/><rpMid/><diact type="qy^d"/><cc/>
640,<rm-4/><rpMid/><diact type="sd"/><cc/>
641,<rm-4/><rpMid/><diact type="sv"/><cc/>
642,<rm-4/><rpMid/><diact type="t1"/><cc/>
643,<rm-5/><rpEndDel/><diact type="%"/><cc/>
644,<rm-5/><rpEndDel/><diact type="%"/><ct/>
645,<rm-5/><rpEndDel/><diact type="qw"/><cc/>
646,<rm-5/><rpEndDel/><diact type="qy"/><cc/>
647,<rm-5/><rpEndDel/><diact type="sd"/><cc/>
648,<rm-5/><rpEndDel/><diact type="sv"/><cc/>
649,<rm-5/><rpEndSub/><diact type="%"/><cc/>
650,<rm-5/><rpEndSub/><diact type="%"/><ct/>
651,<rm-5/><rpEndSub/><diact type="aa"/><cc/>
652,<rm-5/><rpEndSub/><diact type="ar"/><cc/>
653,<rm-5/><rpEndSub/><diact type="h"/><cc/>
654,<rm-5/><rpEndSub/><diact type="na"/><cc/>
655,<rm-5/><rpEndSub/><diact type="qw"/><cc/>
656,<rm-5/><rpEndSub/><diact type="qy"/><cc/>
657,<rm-5/><rpEndSub/><diact type="qy^d"/><cc/>
658,<rm-5/><rpEndSub/><diact type="sd"/><cc/>
659,<rm-5/><rpEndSub/><diact type="sd"/><ct/>
660,<rm-5/><rpEndSub/><diact type="sv"/><cc/>
661,<rm-5/><rpEndSub/><diact type="sv"/><ct/>
662,<rm-5/><rpMid/><diact type="%"/><cc/>
663,<rm-5/><rpMid/><diact type="^q"/><cc/>
664,<rm-5/><rpMid/><diact type="aa"/><cc/>
665,<rm-5/><rpMid/><diact type="aap_am"/><cc/>
666,<rm-5/><rpMid/><diact type="ad"/><cc/>
667,<rm-5/><rpMid/><diact type="ba"/><cc/>
668,<rm-5/><rpMid/><diact type="bf"/><cc/>
669,<rm-5/><rpMid/><diact type="fc"/><cc/>
670,<rm-5/><rpMid/><diact type="ng"/><cc/>
671,<rm-5/><rpMid/><diact type="no"/><cc/>
672,<rm-5/><rpMid/><diact type="qh"/><cc/>
673,<rm-5/><rpMid/><diact type="qo"/><cc/>
674,<rm-5/><rpMid/><diact type="qw"/><cc/>
675,<rm-5/><rpMid/><diact type="qy"/><cc/>
676,<rm-5/><rpMid/><diact type="qy^d"/><cc/>
677,<rm-5/><rpMid/><diact type="sd"/><cc/>
678,<rm-5/><rpMid/><diact type="sv"/><cc/>
679,<rm-6/><rpEndDel/><diact type="qy"/><cc/>
680,<rm-6/><rpEndDel/><diact type="sd"/><cc/>
681,<rm-6/><rpEndDel/><diact type="sv"/><cc/>
682,<rm-6/><rpEndDel/><diact type="sv"/><ct/>
683,<rm-6/><rpEndSub/><diact type="^q"/><cc/>
684,<rm-6/><rpEndSub/><diact type="aa"/><cc/>
685,<rm-6/><rpEndSub/><diact type="na"/><cc/>
686,<rm-6/><rpEndSub/><diact type="qh"/><cc/>
687,<rm-6/><rpEndSub/><diact type="sd"/><cc/>
688,<rm-6/><rpEndSub/><diact type="sv"/><cc/>
689,<rm-6/><rpMid/><diact type="%"/><cc/>
690,<rm-6/><rpMid/><diact type="ad"/><cc/>
691,<rm-6/><rpMid/><diact type="ba"/><cc/>
692,<rm-6/><rpMid/><diact type="bf"/><cc/>
693,<rm-6/><rpMid/><diact type="h"/><cc/>
694,<rm-6/><rpMid/><diact type="no"/><cc/>
695,<rm-6/><rpMid/><diact type="qo"/><cc/>
696,<rm-6/><rpMid/><diact type="qw"/><cc/>
697,<rm-6/><rpMid/><diact type="qy"/><cc/>
698,<rm-6/><rpMid/><diact type="qy^d"/><cc/>
699,<rm-6/><rpMid/><diact type="sd"/><cc/>
700,<rm-6/><rpMid/><diact type="sv"/><cc/>
701,<rm-7/><rpEndDel/><diact type="qh"/><cc/>
702,<rm-7/><rpEndDel/><diact type="sd"/><cc/>
703,<rm-7/><rpEndDel/><diact type="sd"/><ct/>
704,<rm-7/><rpEndDel/><diact type="sv"/><cc/>
705,<rm-7/><rpEndSub/><diact type="qy"/><ct/>
706,<rm-7/><rpEndSub/><diact type="sd"/><cc/>
707,<rm-7/><rpEndSub/><diact type="sv"/><cc/>
708,<rm-7/><rpMid/><diact type="^q"/><cc/>
709,<rm-7/><rpMid/><diact type="ad"/><cc/>
710,<rm-7/><rpMid/><diact type="fc"/><cc/>
711,<rm-7/><rpMid/><diact type="na"/><cc/>
712,<rm-7/><rpMid/><diact type="no"/><cc/>
713,<rm-7/><rpMid/><diact type="qh"/><cc/>
714,<rm-7/><rpMid/><diact type="qw"/><cc/>
715,<rm-7/><rpMid/><diact type="qw^d"/><cc/>
716,<rm-7/><rpMid/><diact type="qy"/><cc/>
717,<rm-7/><rpMid/><diact type="sd"/><cc/>
718,<rm-7/><rpMid/><diact type="sv"/><cc/>
719,<rm-8/><rpEndDel/><diact type="sd"/><cc/>
720,<rm-8/><rpEndDel/><diact type="sd"/><ct/>
721,<rm-8/><rpEndDel/><diact type="sv"/><cc/>
722,<rm-8/><rpEndSub/><diact type="na"/><cc/>
723,<rm-8/><rpEndSub/><diact type="qy^d"/><cc/>
724,<rm-8/><rpEndSub/><diact type="sd"/><cc/>
725,<rm-8/><rpEndSub/><diact type="sv"/><cc/>
726,<rm-8/><rpMid/><diact type="%"/><cc/>
727,<rm-8/><rpMid/><diact type="^h"/><cc/>
728,<rm-8/><rpMid/><diact type="ad"/><cc/>
729,<rm-8/><rpMid/><diact type="qh"/><cc/>
730,<rm-8/><rpMid/><diact type="qw"/><cc/>
731,<rm-8/><rpMid/><diact type="qy"/><cc/>
732,<rm-8/><rpMid/><diact type="sd"/><cc/>
733,<rm-8/><rpMid/><diact type="sv"/><cc/>
734,<rpEndSub/><diact type="%"/><cc/>
735,<rpEndSub/><diact type="%"/><ct/>
736,<rpEndSub/><diact type="^2"/><cc/>
737,<rpEndSub/><diact type="^2"/><ct/>
738,<rpEndSub/><diact type="^h"/><cc/>
739,<rpEndSub/><diact type="^h"/><ct/>
740,<rpEndSub/><diact type="^q"/><cc/>
741,<rpEndSub/><diact type="^q"/><ct/>
742,<rpEndSub/><diact type="aa"/><cc/>
743,<rpEndSub/><diact type="aa"/><ct/>
744,<rpEndSub/><diact type="aap_am"/><cc/>
745,<rpEndSub/><diact type="aap_am"/><ct/>
746,<rpEndSub/><diact type="ad"/><cc/>
747,<rpEndSub/><diact type="ad"/><ct/>
748,<rpEndSub/><diact type="ar"/><cc/>
749,<rpEndSub/><diact type="arp_nd"/><cc/>
750,<rpEndSub/><diact type="arp_nd"/><ct/>
751,<rpEndSub/><diact type="b"/><cc/>
752,<rpEndSub/><diact type="b^m"/><cc/>
753,<rpEndSub/><diact type="b^m"/><ct/>
754,<rpEndSub/><diact type="ba"/><cc/>
755,<rpEndSub/><diact type="ba"/><ct/>
756,<rpEndSub/><diact type="bd"/><cc/>
757,<rpEndSub/><diact type="bf"/><cc/>
758,<rpEndSub/><diact type="bf"/><ct/>
759,<rpEndSub/><diact type="bh"/><cc/>
760,<rpEndSub/><diact type="bh"/><ct/>
761,<rpEndSub/><diact type="bk"/><cc/>
762,<rpEndSub/><diact type="br"/><cc/>
763,<rpEndSub/><diact type="fa"/><cc/>
764,<rpEndSub/><diact type="fc"/><cc/>
765,<rpEndSub/><diact type="fc"/><ct/>
766,<rpEndSub/><diact type="fo_o_fw_"_by_bc"/><cc/>
767,<rpEndSub/><diact type="fo_o_fw_"_by_bc"/><ct/>
768,<rpEndSub/><diact type="fp"/><cc/>
769,<rpEndSub/><diact type="h"/><cc/>
770,<rpEndSub/><diact type="h"/><ct/>
771,<rpEndSub/><diact type="na"/><cc/>
772,<rpEndSub/><diact type="na"/><ct/>
773,<rpEndSub/><diact type="ng"/><cc/>
774,<rpEndSub/><diact type="ng"/><ct/>
775,<rpEndSub/><diact type="no"/><cc/>
776,<rpEndSub/><diact type="no"/><ct/>
777,<rpEndSub/><diact type="oo_co_cc"/><cc/>
778,<rpEndSub/><diact type="qh"/><cc/>
779,<rpEndSub/><diact type="qh"/><ct/>
780,<rpEndSub/><diact type="qo"/><cc/>
781,<rpEndSub/><diact type="qo"/><ct/>
782,<rpEndSub/><diact type="qrr"/><cc/>
783,<rpEndSub/><diact type="qw"/><cc/>
784,<rpEndSub/><diact type="qw"/><ct/>
785,<rpEndSub/><diact type="qw^d"/><cc/>
786,<rpEndSub/><diact type="qw^d"/><ct/>
787,<rpEndSub/><diact type="qy"/><cc/>
788,<rpEndSub/><diact type="qy"/><ct/>
789,<rpEndSub/><diact type="qy^d"/><cc/>
790,<rpEndSub/><diact type="qy^d"/><ct/>
791,<rpEndSub/><diact type="sd"/><cc/>
792,<rpEndSub/><diact type="sd"/><ct/>
793,<rpEndSub/><diact type="sv"/><cc/>
794,<rpEndSub/><diact type="sv"/><ct/>
795,<rpEndSub/><diact type="t1"/><cc/>
796,<rpEndSub/><diact type="t1"/><ct/>
797,<rpEndSub/><diact type="t3"/><ct/>