0,<e/><diact type="%"/><nolaughter/><cc/>
1,<e/><diact type="%"/><nolaughter/><ct/>
2,<e/><diact type="%"/><nolaughter/><tc/>
3,<e/><diact type="%"/><nolaughter/><tt/>
4,<e/><diact type="%"/><speechLaugh/><cc/>
5,<e/><diact type="%"/><speechLaugh/><ct/>
6,<e/><diact type="%"/><speechLaugh/><tc/>
7,<e/><diact type="%"/><speechLaugh/><tt/>
8,<e/><diact type="^2"/><nolaughter/><cc/>
9,<e/><diact type="^2"/><nolaughter/><ct/>
10,<e/><diact type="^2"/><nolaughter/><tc/>
11,<e/><diact type="^g"/><nolaughter/><cc/>
12,<e/><diact type="^g"/><nolaughter/><ct/>
13,<e/><diact type="^g"/><nolaughter/><tc/>
14,<e/><diact type="^h"/><nolaughter/><cc/>
15,<e/><diact type="^h"/><nolaughter/><ct/>
16,<e/><diact type="^h"/><nolaughter/><tc/>
17,<e/><diact type="^h"/><nolaughter/><tt/>
18,<e/><diact type="^h"/><speechLaugh/><ct/>
19,<e/><diact type="^q"/><nolaughter/><cc/>
20,<e/><diact type="^q"/><nolaughter/><ct/>
21,<e/><diact type="^q"/><nolaughter/><tc/>
22,<e/><diact type="^q"/><speechLaugh/><cc/>
23,<e/><diact type="^q"/><speechLaugh/><ct/>
24,<e/><diact type="aa"/><nolaughter/><cc/>
25,<e/><diact type="aa"/><nolaughter/><ct/>
26,<e/><diact type="aa"/><nolaughter/><tc/>
27,<e/><diact type="aa"/><nolaughter/><tt/>
28,<e/><diact type="aa"/><speechLaugh/><ct/>
29,<e/><diact type="aa"/><speechLaugh/><tc/>
30,<e/><diact type="aap_am"/><nolaughter/><cc/>
31,<e/><diact type="aap_am"/><nolaughter/><ct/>
32,<e/><diact type="aap_am"/><nolaughter/><tc/>
33,<e/><diact type="ad"/><nolaughter/><cc/>
34,<e/><diact type="ad"/><nolaughter/><ct/>
35,<e/><diact type="ad"/><nolaughter/><tc/>
36,<e/><diact type="ad"/><speechLaugh/><cc/>
37,<e/><diact type="ad"/><speechLaugh/><ct/>
38,<e/><diact type="ad"/><speechLaugh/><tc/>
39,<e/><diact type="ar"/><nolaughter/><cc/>
40,<e/><diact type="ar"/><nolaughter/><ct/>
41,<e/><diact type="ar"/><nolaughter/><tc/>
42,<e/><diact type="ar"/><nolaughter/><tt/>
43,<e/><diact type="ar"/><speechLaugh/><cc/>
44,<e/><diact type="arp_nd"/><nolaughter/><cc/>
45,<e/><diact type="arp_nd"/><nolaughter/><ct/>
46,<e/><diact type="arp_nd"/><nolaughter/><tc/>
47,<e/><diact type="arp_nd"/><nolaughter/><tt/>
48,<e/><diact type="arp_nd"/><speechLaugh/><tt/>
49,<e/><diact type="b"/><nolaughter/><cc/>
50,<e/><diact type="b"/><nolaughter/><ct/>
51,<e/><diact type="b"/><nolaughter/><tc/>
52,<e/><diact type="b"/><nolaughter/><tt/>
53,<e/><diact type="b"/><speechLaugh/><cc/>
54,<e/><diact type="b"/><speechLaugh/><ct/>
55,<e/><diact type="b"/><speechLaugh/><tc/>
56,<e/><diact type="b"/><speechLaugh/><tt/>
57,<e/><diact type="b^m"/><nolaughter/><cc/>
58,<e/><diact type="b^m"/><nolaughter/><ct/>
59,<e/><diact type="b^m"/><nolaughter/><tc/>
60,<e/><diact type="b^m"/><nolaughter/><tt/>
61,<e/><diact type="b^m"/><speechLaugh/><tc/>
62,<e/><diact type="ba"/><nolaughter/><cc/>
63,<e/><diact type="ba"/><nolaughter/><ct/>
64,<e/><diact type="ba"/><nolaughter/><tc/>
65,<e/><diact type="ba"/><nolaughter/><tt/>
66,<e/><diact type="ba"/><speechLaugh/><cc/>
67,<e/><diact type="ba"/><speechLaugh/><ct/>
68,<e/><diact type="ba"/><speechLaugh/><tc/>
69,<e/><diact type="bd"/><nolaughter/><cc/>
70,<e/><diact type="bd"/><nolaughter/><ct/>
71,<e/><diact type="bd"/><nolaughter/><tc/>
72,<e/><diact type="bf"/><nolaughter/><cc/>
73,<e/><diact type="bf"/><nolaughter/><ct/>
74,<e/><diact type="bf"/><nolaughter/><tc/>
75,<e/><diact type="bf"/><speechLaugh/><ct/>
76,<e/><diact type="bh"/><nolaughter/><cc/>
77,<e/><diact type="bh"/><nolaughter/><ct/>
78,<e/><diact type="bh"/><nolaughter/><tc/>
79,<e/><diact type="bh"/><speechLaugh/><tc/>
80,<e/><diact type="bk"/><nolaughter/><cc/>
81,<e/><diact type="bk"/><nolaughter/><ct/>
82,<e/><diact type="bk"/><nolaughter/><tc/>
83,<e/><diact type="bk"/><nolaughter/><tt/>
84,<e/><diact type="bk"/><speechLaugh/><tc/>
85,<e/><diact type="br"/><nolaughter/><cc/>
86,<e/><diact type="br"/><nolaughter/><tc/>
87,<e/><diact type="br"/><nolaughter/><tt/>
88,<e/><diact type="fa"/><nolaughter/><cc/>
89,<e/><diact type="fa"/><nolaughter/><ct/>
90,<e/><diact type="fa"/><nolaughter/><tc/>
91,<e/><diact type="fc"/><nolaughter/><cc/>
92,<e/><diact type="fc"/><nolaughter/><ct/>
93,<e/><diact type="fc"/><nolaughter/><tc/>
94,<e/><diact type="fc"/><nolaughter/><tt/>
95,<e/><diact type="fc"/><speechLaugh/><tc/>
96,<e/><diact type="fc"/><speechLaugh/><tt/>
97,<e/><diact type="fo_o_fw_"_by_bc"/><nolaughter/><cc/>
98,<e/><diact type="fo_o_fw_"_by_bc"/><nolaughter/><ct/>
99,<e/><diact type="fo_o_fw_"_by_bc"/><nolaughter/><tc/>
100,<e/><diact type="fo_o_fw_"_by_bc"/><nolaughter/><tt/>
101,<e/><diact type="fo_o_fw_"_by_bc"/><speechLaugh/><ct/>
102,<e/><diact type="fp"/><nolaughter/><cc/>
103,<e/><diact type="fp"/><nolaughter/><ct/>
104,<e/><diact type="fp"/><nolaughter/><tc/>
105,<e/><diact type="ft"/><nolaughter/><cc/>
106,<e/><diact type="ft"/><nolaughter/><tc/>
107,<e/><diact type="h"/><nolaughter/><cc/>
108,<e/><diact type="h"/><nolaughter/><ct/>
109,<e/><diact type="h"/><nolaughter/><tc/>
110,<e/><diact type="h"/><nolaughter/><tt/>
111,<e/><diact type="h"/><speechLaugh/><ct/>
112,<e/><diact type="na"/><nolaughter/><cc/>
113,<e/><diact type="na"/><nolaughter/><ct/>
114,<e/><diact type="na"/><nolaughter/><tc/>
115,<e/><diact type="ng"/><nolaughter/><cc/>
116,<e/><diact type="ng"/><nolaughter/><ct/>
117,<e/><diact type="ng"/><nolaughter/><tc/>
118,<e/><diact type="nn"/><nolaughter/><cc/>
119,<e/><diact type="nn"/><nolaughter/><ct/>
120,<e/><diact type="nn"/><nolaughter/><tc/>
121,<e/><diact type="no"/><nolaughter/><cc/>
122,<e/><diact type="no"/><nolaughter/><ct/>
123,<e/><diact type="no"/><nolaughter/><tc/>
124,<e/><diact type="no"/><nolaughter/><tt/>
125,<e/><diact type="ny"/><nolaughter/><cc/>
126,<e/><diact type="ny"/><nolaughter/><ct/>
127,<e/><diact type="ny"/><nolaughter/><tc/>
128,<e/><diact type="ny"/><nolaughter/><tt/>
129,<e/><diact type="ny"/><speechLaugh/><tc/>
130,<e/><diact type="oo_co_cc"/><nolaughter/><cc/>
131,<e/><diact type="oo_co_cc"/><nolaughter/><ct/>
132,<e/><diact type="oo_co_cc"/><nolaughter/><tc/>
133,<e/><diact type="qh"/><nolaughter/><cc/>
134,<e/><diact type="qh"/><nolaughter/><ct/>
135,<e/><diact type="qh"/><nolaughter/><tc/>
136,<e/><diact type="qh"/><speechLaugh/><cc/>
137,<e/><diact type="qh"/><speechLaugh/><ct/>
138,<e/><diact type="qo"/><nolaughter/><cc/>
139,<e/><diact type="qo"/><nolaughter/><ct/>
140,<e/><diact type="qo"/><nolaughter/><tc/>
141,<e/><diact type="qrr"/><nolaughter/><cc/>
142,<e/><diact type="qrr"/><nolaughter/><ct/>
143,<e/><diact type="qrr"/><nolaughter/><tc/>
144,<e/><diact type="qw"/><nolaughter/><cc/>
145,<e/><diact type="qw"/><nolaughter/><ct/>
146,<e/><diact type="qw"/><nolaughter/><tc/>
147,<e/><diact type="qw"/><speechLaugh/><cc/>
148,<e/><diact type="qw"/><speechLaugh/><tc/>
149,<e/><diact type="qw^d"/><nolaughter/><cc/>
150,<e/><diact type="qw^d"/><nolaughter/><ct/>
151,<e/><diact type="qw^d"/><nolaughter/><tc/>
152,<e/><diact type="qw^d"/><speechLaugh/><tc/>
153,<e/><diact type="qy"/><nolaughter/><cc/>
154,<e/><diact type="qy"/><nolaughter/><ct/>
155,<e/><diact type="qy"/><nolaughter/><tc/>
156,<e/><diact type="qy"/><nolaughter/><tt/>
157,<e/><diact type="qy"/><speechLaugh/><ct/>
158,<e/><diact type="qy"/><speechLaugh/><tc/>
159,<e/><diact type="qy^d"/><nolaughter/><cc/>
160,<e/><diact type="qy^d"/><nolaughter/><ct/>
161,<e/><diact type="qy^d"/><nolaughter/><tc/>
162,<e/><diact type="qy^d"/><speechLaugh/><ct/>
163,<e/><diact type="qy^d"/><speechLaugh/><tc/>
164,<e/><diact type="sd"/><nolaughter/><cc/>
165,<e/><diact type="sd"/><nolaughter/><ct/>
166,<e/><diact type="sd"/><nolaughter/><tc/>
167,<e/><diact type="sd"/><speechLaugh/><cc/>
168,<e/><diact type="sd"/><speechLaugh/><ct/>
169,<e/><diact type="sd"/><speechLaugh/><tc/>
170,<e/><diact type="sv"/><nolaughter/><cc/>
171,<e/><diact type="sv"/><nolaughter/><ct/>
172,<e/><diact type="sv"/><nolaughter/><tc/>
173,<e/><diact type="sv"/><speechLaugh/><cc/>
174,<e/><diact type="sv"/><speechLaugh/><ct/>
175,<e/><diact type="sv"/><speechLaugh/><tc/>
176,<e/><diact type="t1"/><nolaughter/><cc/>
177,<e/><diact type="t1"/><nolaughter/><ct/>
178,<e/><diact type="t1"/><nolaughter/><tc/>
179,<e/><diact type="t3"/><nolaughter/><cc/>
180,<e/><diact type="t3"/><nolaughter/><tc/>
181,<f/><diact type="%"/><nolaughter/><cc/>
182,<f/><diact type="%"/><nolaughter/><ct/>
183,<f/><diact type="%"/><nolaughter/><tc/>
184,<f/><diact type="%"/><nolaughter/><tt/>
185,<f/><diact type="%"/><speechLaugh/><cc/>
186,<f/><diact type="%"/><speechLaugh/><ct/>
187,<f/><diact type="%"/><speechLaugh/><tc/>
188,<f/><diact type="%"/><speechLaugh/><tt/>
189,<f/><diact type="^2"/><nolaughter/><cc/>
190,<f/><diact type="^2"/><nolaughter/><ct/>
191,<f/><diact type="^2"/><nolaughter/><tc/>
192,<f/><diact type="^2"/><nolaughter/><tt/>
193,<f/><diact type="^2"/><speechLaugh/><cc/>
194,<f/><diact type="^2"/><speechLaugh/><ct/>
195,<f/><diact type="^2"/><speechLaugh/><tc/>
196,<f/><diact type="^2"/><speechLaugh/><tt/>
197,<f/><diact type="^g"/><nolaughter/><cc/>
198,<f/><diact type="^g"/><nolaughter/><ct/>
199,<f/><diact type="^g"/><nolaughter/><tc/>
200,<f/><diact type="^g"/><nolaughter/><tt/>
201,<f/><diact type="^g"/><speechLaugh/><ct/>
202,<f/><diact type="^g"/><speechLaugh/><tt/>
203,<f/><diact type="^h"/><nolaughter/><cc/>
204,<f/><diact type="^h"/><nolaughter/><ct/>
205,<f/><diact type="^h"/><nolaughter/><tc/>
206,<f/><diact type="^h"/><nolaughter/><tt/>
207,<f/><diact type="^h"/><speechLaugh/><cc/>
208,<f/><diact type="^h"/><speechLaugh/><ct/>
209,<f/><diact type="^q"/><nolaughter/><cc/>
210,<f/><diact type="^q"/><nolaughter/><ct/>
211,<f/><diact type="^q"/><nolaughter/><tc/>
212,<f/><diact type="^q"/><nolaughter/><tt/>
213,<f/><diact type="^q"/><speechLaugh/><cc/>
214,<f/><diact type="^q"/><speechLaugh/><ct/>
215,<f/><diact type="^q"/><speechLaugh/><tc/>
216,<f/><diact type="^q"/><speechLaugh/><tt/>
217,<f/><diact type="aa"/><nolaughter/><cc/>
218,<f/><diact type="aa"/><nolaughter/><ct/>
219,<f/><diact type="aa"/><nolaughter/><tc/>
220,<f/><diact type="aa"/><nolaughter/><tt/>
221,<f/><diact type="aa"/><speechLaugh/><cc/>
222,<f/><diact type="aa"/><speechLaugh/><ct/>
223,<f/><diact type="aa"/><speechLaugh/><tc/>
224,<f/><diact type="aa"/><speechLaugh/><tt/>
225,<f/><diact type="aap_am"/><nolaughter/><cc/>
226,<f/><diact type="aap_am"/><nolaughter/><ct/>
227,<f/><diact type="aap_am"/><nolaughter/><tc/>
228,<f/><diact type="aap_am"/><nolaughter/><tt/>
229,<f/><diact type="aap_am"/><speechLaugh/><cc/>
230,<f/><diact type="aap_am"/><speechLaugh/><tc/>
231,<f/><diact type="ad"/><nolaughter/><cc/>
232,<f/><diact type="ad"/><nolaughter/><ct/>
233,<f/><diact type="ad"/><nolaughter/><tc/>
234,<f/><diact type="ad"/><nolaughter/><tt/>
235,<f/><diact type="ad"/><speechLaugh/><cc/>
236,<f/><diact type="ad"/><speechLaugh/><ct/>
237,<f/><diact type="ad"/><speechLaugh/><tc/>
238,<f/><diact type="ar"/><nolaughter/><cc/>
239,<f/><diact type="ar"/><nolaughter/><ct/>
240,<f/><diact type="ar"/><nolaughter/><tc/>
241,<f/><diact type="ar"/><nolaughter/><tt/>
242,<f/><diact type="ar"/><speechLaugh/><ct/>
243,<f/><diact type="ar"/><speechLaugh/><tc/>
244,<f/><diact type="ar"/><speechLaugh/><tt/>
245,<f/><diact type="arp_nd"/><nolaughter/><cc/>
246,<f/><diact type="arp_nd"/><nolaughter/><ct/>
247,<f/><diact type="arp_nd"/><nolaughter/><tc/>
248,<f/><diact type="arp_nd"/><nolaughter/><tt/>
249,<f/><diact type="arp_nd"/><speechLaugh/><ct/>
250,<f/><diact type="b"/><nolaughter/><cc/>
251,<f/><diact type="b"/><nolaughter/><ct/>
252,<f/><diact type="b"/><nolaughter/><tc/>
253,<f/><diact type="b"/><nolaughter/><tt/>
254,<f/><diact type="b"/><speechLaugh/><cc/>
255,<f/><diact type="b"/><speechLaugh/><ct/>
256,<f/><diact type="b"/><speechLaugh/><tc/>
257,<f/><diact type="b"/><speechLaugh/><tt/>
258,<f/><diact type="b^m"/><nolaughter/><cc/>
259,<f/><diact type="b^m"/><nolaughter/><ct/>
260,<f/><diact type="b^m"/><nolaughter/><tc/>
261,<f/><diact type="b^m"/><nolaughter/><tt/>
262,<f/><diact type="b^m"/><speechLaugh/><cc/>
263,<f/><diact type="b^m"/><speechLaugh/><ct/>
264,<f/><diact type="b^m"/><speechLaugh/><tc/>
265,<f/><diact type="b^m"/><speechLaugh/><tt/>
266,<f/><diact type="ba"/><nolaughter/><cc/>
267,<f/><diact type="ba"/><nolaughter/><ct/>
268,<f/><diact type="ba"/><nolaughter/><tc/>
269,<f/><diact type="ba"/><nolaughter/><tt/>
270,<f/><diact type="ba"/><speechLaugh/><cc/>
271,<f/><diact type="ba"/><speechLaugh/><ct/>
272,<f/><diact type="ba"/><speechLaugh/><tc/>
273,<f/><diact type="ba"/><speechLaugh/><tt/>
274,<f/><diact type="bd"/><nolaughter/><cc/>
275,<f/><diact type="bd"/><nolaughter/><ct/>
276,<f/><diact type="bd"/><nolaughter/><tc/>
277,<f/><diact type="bd"/><nolaughter/><tt/>
278,<f/><diact type="bd"/><speechLaugh/><cc/>
279,<f/><diact type="bd"/><speechLaugh/><ct/>
280,<f/><diact type="bd"/><speechLaugh/><tc/>
281,<f/><diact type="bf"/><nolaughter/><cc/>
282,<f/><diact type="bf"/><nolaughter/><ct/>
283,<f/><diact type="bf"/><nolaughter/><tc/>
284,<f/><diact type="bf"/><nolaughter/><tt/>
285,<f/><diact type="bf"/><speechLaugh/><cc/>
286,<f/><diact type="bf"/><speechLaugh/><ct/>
287,<f/><diact type="bf"/><speechLaugh/><tc/>
288,<f/><diact type="bh"/><nolaughter/><cc/>
289,<f/><diact type="bh"/><nolaughter/><ct/>
290,<f/><diact type="bh"/><nolaughter/><tc/>
291,<f/><diact type="bh"/><nolaughter/><tt/>
292,<f/><diact type="bh"/><speechLaugh/><cc/>
293,<f/><diact type="bh"/><speechLaugh/><ct/>
294,<f/><diact type="bh"/><speechLaugh/><tc/>
295,<f/><diact type="bh"/><speechLaugh/><tt/>
296,<f/><diact type="bk"/><nolaughter/><cc/>
297,<f/><diact type="bk"/><nolaughter/><ct/>
298,<f/><diact type="bk"/><nolaughter/><tc/>
299,<f/><diact type="bk"/><nolaughter/><tt/>
300,<f/><diact type="bk"/><speechLaugh/><ct/>
301,<f/><diact type="bk"/><speechLaugh/><tc/>
302,<f/><diact type="bk"/><speechLaugh/><tt/>
303,<f/><diact type="br"/><nolaughter/><cc/>
304,<f/><diact type="br"/><nolaughter/><ct/>
305,<f/><diact type="br"/><nolaughter/><tc/>
306,<f/><diact type="br"/><nolaughter/><tt/>
307,<f/><diact type="br"/><speechLaugh/><ct/>
308,<f/><diact type="fa"/><nolaughter/><cc/>
309,<f/><diact type="fa"/><nolaughter/><ct/>
310,<f/><diact type="fa"/><nolaughter/><tc/>
311,<f/><diact type="fa"/><nolaughter/><tt/>
312,<f/><diact type="fc"/><nolaughter/><cc/>
313,<f/><diact type="fc"/><nolaughter/><ct/>
314,<f/><diact type="fc"/><nolaughter/><tc/>
315,<f/><diact type="fc"/><nolaughter/><tt/>
316,<f/><diact type="fc"/><speechLaugh/><cc/>
317,<f/><diact type="fc"/><speechLaugh/><ct/>
318,<f/><diact type="fc"/><speechLaugh/><tc/>
319,<f/><diact type="fc"/><speechLaugh/><tt/>
320,<f/><diact type="fo_o_fw_"_by_bc"/><nolaughter/><cc/>
321,<f/><diact type="fo_o_fw_"_by_bc"/><nolaughter/><ct/>
322,<f/><diact type="fo_o_fw_"_by_bc"/><nolaughter/><tc/>
323,<f/><diact type="fo_o_fw_"_by_bc"/><nolaughter/><tt/>
324,<f/><diact type="fo_o_fw_"_by_bc"/><speechLaugh/><cc/>
325,<f/><diact type="fo_o_fw_"_by_bc"/><speechLaugh/><ct/>
326,<f/><diact type="fo_o_fw_"_by_bc"/><speechLaugh/><tc/>
327,<f/><diact type="fo_o_fw_"_by_bc"/><speechLaugh/><tt/>
328,<f/><diact type="fp"/><nolaughter/><cc/>
329,<f/><diact type="fp"/><nolaughter/><ct/>
330,<f/><diact type="fp"/><nolaughter/><tc/>
331,<f/><diact type="fp"/><nolaughter/><tt/>
332,<f/><diact type="fp"/><speechLaugh/><ct/>
333,<f/><diact type="fp"/><speechLaugh/><tc/>
334,<f/><diact type="ft"/><nolaughter/><cc/>
335,<f/><diact type="ft"/><nolaughter/><ct/>
336,<f/><diact type="ft"/><nolaughter/><tc/>
337,<f/><diact type="ft"/><nolaughter/><tt/>
338,<f/><diact type="ft"/><speechLaugh/><ct/>
339,<f/><diact type="ft"/><speechLaugh/><tc/>
340,<f/><diact type="ft"/><speechLaugh/><tt/>
341,<f/><diact type="h"/><nolaughter/><cc/>
342,<f/><diact type="h"/><nolaughter/><ct/>
343,<f/><diact type="h"/><nolaughter/><tc/>
344,<f/><diact type="h"/><nolaughter/><tt/>
345,<f/><diact type="h"/><speechLaugh/><cc/>
346,<f/><diact type="h"/><speechLaugh/><ct/>
347,<f/><diact type="h"/><speechLaugh/><tc/>
348,<f/><diact type="na"/><nolaughter/><cc/>
349,<f/><diact type="na"/><nolaughter/><ct/>
350,<f/><diact type="na"/><nolaughter/><tc/>
351,<f/><diact type="na"/><nolaughter/><tt/>
352,<f/><diact type="na"/><speechLaugh/><cc/>
353,<f/><diact type="na"/><speechLaugh/><ct/>
354,<f/><diact type="na"/><speechLaugh/><tc/>
355,<f/><diact type="na"/><speechLaugh/><tt/>
356,<f/><diact type="ng"/><nolaughter/><cc/>
357,<f/><diact type="ng"/><nolaughter/><ct/>
358,<f/><diact type="ng"/><nolaughter/><tc/>
359,<f/><diact type="ng"/><nolaughter/><tt/>
360,<f/><diact type="ng"/><speechLaugh/><cc/>
361,<f/><diact type="ng"/><speechLaugh/><ct/>
362,<f/><diact type="ng"/><speechLaugh/><tc/>
363,<f/><diact type="nn"/><nolaughter/><cc/>
364,<f/><diact type="nn"/><nolaughter/><ct/>
365,<f/><diact type="nn"/><nolaughter/><tc/>
366,<f/><diact type="nn"/><nolaughter/><tt/>
367,<f/><diact type="nn"/><speechLaugh/><tt/>
368,<f/><diact type="no"/><nolaughter/><cc/>
369,<f/><diact type="no"/><nolaughter/><ct/>
370,<f/><diact type="no"/><nolaughter/><tc/>
371,<f/><diact type="no"/><nolaughter/><tt/>
372,<f/><diact type="no"/><speechLaugh/><cc/>
373,<f/><diact type="no"/><speechLaugh/><ct/>
374,<f/><diact type="no"/><speechLaugh/><tc/>
375,<f/><diact type="no"/><speechLaugh/><tt/>
376,<f/><diact type="ny"/><nolaughter/><cc/>
377,<f/><diact type="ny"/><nolaughter/><ct/>
378,<f/><diact type="ny"/><nolaughter/><tc/>
379,<f/><diact type="ny"/><nolaughter/><tt/>
380,<f/><diact type="ny"/><speechLaugh/><ct/>
381,<f/><diact type="ny"/><speechLaugh/><tt/>
382,<f/><diact type="oo_co_cc"/><nolaughter/><cc/>
383,<f/><diact type="oo_co_cc"/><nolaughter/><ct/>
384,<f/><diact type="oo_co_cc"/><nolaughter/><tc/>
385,<f/><diact type="oo_co_cc"/><speechLaugh/><cc/>
386,<f/><diact type="oo_co_cc"/><speechLaugh/><ct/>
387,<f/><diact type="qh"/><nolaughter/><cc/>
388,<f/><diact type="qh"/><nolaughter/><ct/>
389,<f/><diact type="qh"/><nolaughter/><tc/>
390,<f/><diact type="qh"/><nolaughter/><tt/>
391,<f/><diact type="qh"/><speechLaugh/><cc/>
392,<f/><diact type="qh"/><speechLaugh/><ct/>
393,<f/><diact type="qh"/><speechLaugh/><tc/>
394,<f/><diact type="qo"/><nolaughter/><cc/>
395,<f/><diact type="qo"/><nolaughter/><ct/>
396,<f/><diact type="qo"/><nolaughter/><tc/>
397,<f/><diact type="qo"/><nolaughter/><tt/>
398,<f/><diact type="qo"/><speechLaugh/><cc/>
399,<f/><diact type="qo"/><speechLaugh/><ct/>
400,<f/><diact type="qrr"/><nolaughter/><cc/>
401,<f/><diact type="qrr"/><nolaughter/><ct/>
402,<f/><diact type="qrr"/><nolaughter/><tc/>
403,<f/><diact type="qrr"/><speechLaugh/><ct/>
404,<f/><diact type="qrr"/><speechLaugh/><tc/>
405,<f/><diact type="qw"/><nolaughter/><cc/>
406,<f/><diact type="qw"/><nolaughter/><ct/>
407,<f/><diact type="qw"/><nolaughter/><tc/>
408,<f/><diact type="qw"/><nolaughter/><tt/>
409,<f/><diact type="qw"/><speechLaugh/><cc/>
410,<f/><diact type="qw"/><speechLaugh/><ct/>
411,<f/><diact type="qw"/><speechLaugh/><tc/>
412,<f/><diact type="qw^d"/><nolaughter/><cc/>
413,<f/><diact type="qw^d"/><nolaughter/><ct/>
414,<f/><diact type="qw^d"/><nolaughter/><tc/>
415,<f/><diact type="qw^d"/><speechLaugh/><cc/>
416,<f/><diact type="qw^d"/><speechLaugh/><ct/>
417,<f/><diact type="qy"/><nolaughter/><cc/>
418,<f/><diact type="qy"/><nolaughter/><ct/>
419,<f/><diact type="qy"/><nolaughter/><tc/>
420,<f/><diact type="qy"/><nolaughter/><tt/>
421,<f/><diact type="qy"/><speechLaugh/><cc/>
422,<f/><diact type="qy"/><speechLaugh/><ct/>
423,<f/><diact type="qy"/><speechLaugh/><tc/>
424,<f/><diact type="qy"/><speechLaugh/><tt/>
425,<f/><diact type="qy^d"/><nolaughter/><cc/>
426,<f/><diact type="qy^d"/><nolaughter/><ct/>
427,<f/><diact type="qy^d"/><nolaughter/><tc/>
428,<f/><diact type="qy^d"/><nolaughter/><tt/>
429,<f/><diact type="qy^d"/><speechLaugh/><cc/>
430,<f/><diact type="qy^d"/><speechLaugh/><ct/>
431,<f/><diact type="qy^d"/><speechLaugh/><tc/>
432,<f/><diact type="sd"/><nolaughter/><cc/>
433,<f/><diact type="sd"/><nolaughter/><ct/>
434,<f/><diact type="sd"/><nolaughter/><tc/>
435,<f/><diact type="sd"/><nolaughter/><tt/>
436,<f/><diact type="sd"/><speechLaugh/><cc/>
437,<f/><diact type="sd"/><speechLaugh/><ct/>
438,<f/><diact type="sd"/><speechLaugh/><tc/>
439,<f/><diact type="sd"/><speechLaugh/><tt/>
440,<f/><diact type="sv"/><nolaughter/><cc/>
441,<f/><diact type="sv"/><nolaughter/><ct/>
442,<f/><diact type="sv"/><nolaughter/><tc/>
443,<f/><diact type="sv"/><nolaughter/><tt/>
444,<f/><diact type="sv"/><speechLaugh/><cc/>
445,<f/><diact type="sv"/><speechLaugh/><ct/>
446,<f/><diact type="sv"/><speechLaugh/><tc/>
447,<f/><diact type="t1"/><nolaughter/><cc/>
448,<f/><diact type="t1"/><nolaughter/><ct/>
449,<f/><diact type="t1"/><nolaughter/><tc/>
450,<f/><diact type="t1"/><nolaughter/><tt/>
451,<f/><diact type="t1"/><speechLaugh/><ct/>
452,<f/><diact type="t3"/><nolaughter/><cc/>
453,<f/><diact type="t3"/><nolaughter/><ct/>
454,<f/><diact type="t3"/><nolaughter/><tc/>
455,<f/><diact type="t3"/><nolaughter/><tt/>
456,<laughter/>
457,<rm-1/><rpEndDel/><diact type="%"/><nolaughter/><cc/>
458,<rm-1/><rpEndDel/><diact type="%"/><nolaughter/><ct/>
459,<rm-1/><rpEndDel/><diact type="^2"/><nolaughter/><cc/>
460,<rm-1/><rpEndDel/><diact type="^2"/><nolaughter/><ct/>
461,<rm-1/><rpEndDel/><diact type="^h"/><nolaughter/><cc/>
462,<rm-1/><rpEndDel/><diact type="^q"/><nolaughter/><cc/>
463,<rm-1/><rpEndDel/><diact type="aa"/><nolaughter/><cc/>
464,<rm-1/><rpEndDel/><diact type="aa"/><nolaughter/><ct/>
465,<rm-1/><rpEndDel/><diact type="aap_am"/><nolaughter/><cc/>
466,<rm-1/><rpEndDel/><diact type="ad"/><nolaughter/><cc/>
467,<rm-1/><rpEndDel/><diact type="arp_nd"/><nolaughter/><cc/>
468,<rm-1/><rpEndDel/><diact type="b"/><nolaughter/><ct/>
469,<rm-1/><rpEndDel/><diact type="ba"/><nolaughter/><cc/>
470,<rm-1/><rpEndDel/><diact type="bf"/><nolaughter/><cc/>
471,<rm-1/><rpEndDel/><diact type="bk"/><nolaughter/><ct/>
472,<rm-1/><rpEndDel/><diact type="fc"/><nolaughter/><cc/>
473,<rm-1/><rpEndDel/><diact type="fo_o_fw_"_by_bc"/><nolaughter/><cc/>
474,<rm-1/><rpEndDel/><diact type="h"/><nolaughter/><cc/>
475,<rm-1/><rpEndDel/><diact type="na"/><nolaughter/><cc/>
476,<rm-1/><rpEndDel/><diact type="qh"/><nolaughter/><cc/>
477,<rm-1/><rpEndDel/><diact type="qo"/><nolaughter/><cc/>
478,<rm-1/><rpEndDel/><diact type="qrr"/><nolaughter/><cc/>
479,<rm-1/><rpEndDel/><diact type="qw"/><nolaughter/><cc/>
480,<rm-1/><rpEndDel/><diact type="qy"/><nolaughter/><cc/>
481,<rm-1/><rpEndDel/><diact type="qy"/><nolaughter/><ct/>
482,<rm-1/><rpEndDel/><diact type="qy^d"/><nolaughter/><cc/>
483,<rm-1/><rpEndDel/><diact type="qy^d"/><nolaughter/><ct/>
484,<rm-1/><rpEndDel/><diact type="sd"/><nolaughter/><cc/>
485,<rm-1/><rpEndDel/><diact type="sd"/><nolaughter/><ct/>
486,<rm-1/><rpEndDel/><diact type="sd"/><speechLaugh/><cc/>
487,<rm-1/><rpEndDel/><diact type="sv"/><nolaughter/><cc/>
488,<rm-1/><rpEndDel/><diact type="sv"/><nolaughter/><ct/>
489,<rm-1/><rpEndDel/><diact type="t1"/><nolaughter/><cc/>
490,<rm-1/><rpEndSub/><diact type="%"/><nolaughter/><cc/>
491,<rm-1/><rpEndSub/><diact type="%"/><nolaughter/><ct/>
492,<rm-1/><rpEndSub/><diact type="^2"/><nolaughter/><cc/>
493,<rm-1/><rpEndSub/><diact type="^2"/><nolaughter/><ct/>
494,<rm-1/><rpEndSub/><diact type="^h"/><nolaughter/><cc/>
495,<rm-1/><rpEndSub/><diact type="^h"/><nolaughter/><ct/>
496,<rm-1/><rpEndSub/><diact type="^h"/><speechLaugh/><cc/>
497,<rm-1/><rpEndSub/><diact type="^q"/><nolaughter/><cc/>
498,<rm-1/><rpEndSub/><diact type="aa"/><nolaughter/><cc/>
499,<rm-1/><rpEndSub/><diact type="aa"/><nolaughter/><ct/>
500,<rm-1/><rpEndSub/><diact type="aa"/><speechLaugh/><cc/>
501,<rm-1/><rpEndSub/><diact type="aap_am"/><nolaughter/><cc/>
502,<rm-1/><rpEndSub/><diact type="aap_am"/><speechLaugh/><cc/>
503,<rm-1/><rpEndSub/><diact type="ad"/><nolaughter/><cc/>
504,<rm-1/><rpEndSub/><diact type="ad"/><nolaughter/><ct/>
505,<rm-1/><rpEndSub/><diact type="ar"/><nolaughter/><cc/>
506,<rm-1/><rpEndSub/><diact type="ar"/><nolaughter/><ct/>
507,<rm-1/><rpEndSub/><diact type="arp_nd"/><nolaughter/><cc/>
508,<rm-1/><rpEndSub/><diact type="b"/><nolaughter/><cc/>
509,<rm-1/><rpEndSub/><diact type="b"/><nolaughter/><ct/>
510,<rm-1/><rpEndSub/><diact type="b^m"/><nolaughter/><cc/>
511,<rm-1/><rpEndSub/><diact type="b^m"/><nolaughter/><ct/>
512,<rm-1/><rpEndSub/><diact type="ba"/><nolaughter/><cc/>
513,<rm-1/><rpEndSub/><diact type="ba"/><nolaughter/><ct/>
514,<rm-1/><rpEndSub/><diact type="bd"/><nolaughter/><cc/>
515,<rm-1/><rpEndSub/><diact type="bf"/><nolaughter/><cc/>
516,<rm-1/><rpEndSub/><diact type="bh"/><nolaughter/><cc/>
517,<rm-1/><rpEndSub/><diact type="bk"/><nolaughter/><cc/>
518,<rm-1/><rpEndSub/><diact type="bk"/><nolaughter/><ct/>
519,<rm-1/><rpEndSub/><diact type="br"/><nolaughter/><cc/>
520,<rm-1/><rpEndSub/><diact type="fc"/><nolaughter/><cc/>
521,<rm-1/><rpEndSub/><diact type="fc"/><nolaughter/><ct/>
522,<rm-1/><rpEndSub/><diact type="fo_o_fw_"_by_bc"/><nolaughter/><cc/>
523,<rm-1/><rpEndSub/><diact type="fo_o_fw_"_by_bc"/><nolaughter/><ct/>
524,<rm-1/><rpEndSub/><diact type="fp"/><nolaughter/><cc/>
525,<rm-1/><rpEndSub/><diact type="ft"/><nolaughter/><cc/>
526,<rm-1/><rpEndSub/><diact type="h"/><nolaughter/><cc/>
527,<rm-1/><rpEndSub/><diact type="h"/><nolaughter/><ct/>
528,<rm-1/><rpEndSub/><diact type="na"/><nolaughter/><cc/>
529,<rm-1/><rpEndSub/><diact type="na"/><nolaughter/><ct/>
530,<rm-1/><rpEndSub/><diact type="ng"/><nolaughter/><cc/>
531,<rm-1/><rpEndSub/><diact type="nn"/><nolaughter/><cc/>
532,<rm-1/><rpEndSub/><diact type="nn"/><nolaughter/><ct/>
533,<rm-1/><rpEndSub/><diact type="no"/><nolaughter/><cc/>
534,<rm-1/><rpEndSub/><diact type="ny"/><nolaughter/><cc/>
535,<rm-1/><rpEndSub/><diact type="ny"/><nolaughter/><ct/>
536,<rm-1/><rpEndSub/><diact type="oo_co_cc"/><nolaughter/><cc/>
537,<rm-1/><rpEndSub/><diact type="qh"/><nolaughter/><cc/>
538,<rm-1/><rpEndSub/><diact type="qh"/><nolaughter/><ct/>
539,<rm-1/><rpEndSub/><diact type="qo"/><nolaughter/><cc/>
540,<rm-1/><rpEndSub/><diact type="qrr"/><nolaughter/><cc/>
541,<rm-1/><rpEndSub/><diact type="qrr"/><nolaughter/><ct/>
542,<rm-1/><rpEndSub/><diact type="qw"/><nolaughter/><cc/>
543,<rm-1/><rpEndSub/><diact type="qw"/><nolaughter/><ct/>
544,<rm-1/><rpEndSub/><diact type="qw^d"/><nolaughter/><cc/>
545,<rm-1/><rpEndSub/><diact type="qw^d"/><nolaughter/><ct/>
546,<rm-1/><rpEndSub/><diact type="qy"/><nolaughter/><cc/>
547,<rm-1/><rpEndSub/><diact type="qy"/><nolaughter/><ct/>
548,<rm-1/><rpEndSub/><diact type="qy^d"/><nolaughter/><cc/>
549,<rm-1/><rpEndSub/><diact type="qy^d"/><nolaughter/><ct/>
550,<rm-1/><rpEndSub/><diact type="sd"/><nolaughter/><cc/>
551,<rm-1/><rpEndSub/><diact type="sd"/><nolaughter/><ct/>
552,<rm-1/><rpEndSub/><diact type="sd"/><speechLaugh/><cc/>
553,<rm-1/><rpEndSub/><diact type="sv"/><nolaughter/><cc/>
554,<rm-1/><rpEndSub/><diact type="sv"/><nolaughter/><ct/>
555,<rm-1/><rpEndSub/><diact type="sv"/><speechLaugh/><cc/>
556,<rm-1/><rpEndSub/><diact type="t1"/><nolaughter/><cc/>
557,<rm-1/><rpEndSub/><diact type="t3"/><nolaughter/><cc/>
558,<rm-1/><rpMid/><diact type="%"/><nolaughter/><cc/>
559,<rm-1/><rpMid/><diact type="^2"/><nolaughter/><cc/>
560,<rm-1/><rpMid/><diact type="^h"/><nolaughter/><cc/>
561,<rm-1/><rpMid/><diact type="^q"/><nolaughter/><cc/>
562,<rm-1/><rpMid/><diact type="aa"/><nolaughter/><cc/>
563,<rm-1/><rpMid/><diact type="aap_am"/><nolaughter/><cc/>
564,<rm-1/><rpMid/><diact type="ad"/><nolaughter/><cc/>
565,<rm-1/><rpMid/><diact type="ar"/><nolaughter/><cc/>
566,<rm-1/><rpMid/><diact type="arp_nd"/><nolaughter/><cc/>
567,<rm-1/><rpMid/><diact type="b"/><nolaughter/><cc/>
568,<rm-1/><rpMid/><diact type="ba"/><nolaughter/><cc/>
569,<rm-1/><rpMid/><diact type="bf"/><nolaughter/><cc/>
570,<rm-1/><rpMid/><diact type="bh"/><nolaughter/><cc/>
571,<rm-1/><rpMid/><diact type="fa"/><nolaughter/><cc/>
572,<rm-1/><rpMid/><diact type="fc"/><nolaughter/><cc/>
573,<rm-1/><rpMid/><diact type="fo_o_fw_"_by_bc"/><nolaughter/><cc/>
574,<rm-1/><rpMid/><diact type="fp"/><nolaughter/><cc/>
575,<rm-1/><rpMid/><diact type="h"/><nolaughter/><cc/>
576,<rm-1/><rpMid/><diact type="na"/><nolaughter/><cc/>
577,<rm-1/><rpMid/><diact type="ng"/><nolaughter/><cc/>
578,<rm-1/><rpMid/><diact type="no"/><nolaughter/><cc/>
579,<rm-1/><rpMid/><diact type="qh"/><nolaughter/><cc/>
580,<rm-1/><rpMid/><diact type="qo"/><nolaughter/><cc/>
581,<rm-1/><rpMid/><diact type="qw"/><nolaughter/><cc/>
582,<rm-1/><rpMid/><diact type="qw^d"/><nolaughter/><cc/>
583,<rm-1/><rpMid/><diact type="qy"/><nolaughter/><cc/>
584,<rm-1/><rpMid/><diact type="qy^d"/><nolaughter/><cc/>
585,<rm-1/><rpMid/><diact type="sd"/><nolaughter/><cc/>
586,<rm-1/><rpMid/><diact type="sv"/><nolaughter/><cc/>
587,<rm-2/><rpEndDel/><diact type="%"/><nolaughter/><cc/>
588,<rm-2/><rpEndDel/><diact type="%"/><nolaughter/><ct/>
589,<rm-2/><rpEndDel/><diact type="^q"/><nolaughter/><cc/>
590,<rm-2/><rpEndDel/><diact type="ad"/><nolaughter/><cc/>
591,<rm-2/><rpEndDel/><diact type="b"/><nolaughter/><ct/>
592,<rm-2/><rpEndDel/><diact type="ba"/><nolaughter/><cc/>
593,<rm-2/><rpEndDel/><diact type="bf"/><nolaughter/><cc/>
594,<rm-2/><rpEndDel/><diact type="bh"/><nolaughter/><ct/>
595,<rm-2/><rpEndDel/><diact type="fc"/><nolaughter/><cc/>
596,<rm-2/><rpEndDel/><diact type="fo_o_fw_"_by_bc"/><nolaughter/><cc/>
597,<rm-2/><rpEndDel/><diact type="na"/><nolaughter/><cc/>
598,<rm-2/><rpEndDel/><diact type="ng"/><nolaughter/><cc/>
599,<rm-2/><rpEndDel/><diact type="qw"/><nolaughter/><cc/>
600,<rm-2/><rpEndDel/><diact type="qw^d"/><nolaughter/><cc/>
601,<rm-2/><rpEndDel/><diact type="qy"/><nolaughter/><cc/>
602,<rm-2/><rpEndDel/><diact type="qy^d"/><nolaughter/><ct/>
603,<rm-2/><rpEndDel/><diact type="sd"/><nolaughter/><cc/>
604,<rm-2/><rpEndDel/><diact type="sd"/><nolaughter/><ct/>
605,<rm-2/><rpEndDel/><diact type="sd"/><speechLaugh/><cc/>
606,<rm-2/><rpEndDel/><diact type="sv"/><nolaughter/><cc/>
607,<rm-2/><rpEndDel/><diact type="sv"/><nolaughter/><ct/>
608,<rm-2/><rpEndSub/><diact type="%"/><nolaughter/><cc/>
609,<rm-2/><rpEndSub/><diact type="%"/><nolaughter/><ct/>
610,<rm-2/><rpEndSub/><diact type="%"/><speechLaugh/><ct/>
611,<rm-2/><rpEndSub/><diact type="^2"/><nolaughter/><cc/>
612,<rm-2/><rpEndSub/><diact type="^h"/><nolaughter/><cc/>
613,<rm-2/><rpEndSub/><diact type="^q"/><nolaughter/><cc/>
614,<rm-2/><rpEndSub/><diact type="^q"/><nolaughter/><ct/>
615,<rm-2/><rpEndSub/><diact type="aa"/><nolaughter/><cc/>
616,<rm-2/><rpEndSub/><diact type="aa"/><nolaughter/><ct/>
617,<rm-2/><rpEndSub/><diact type="aap_am"/><nolaughter/><cc/>
618,<rm-2/><rpEndSub/><diact type="ad"/><nolaughter/><cc/>
619,<rm-2/><rpEndSub/><diact type="ar"/><nolaughter/><cc/>
620,<rm-2/><rpEndSub/><diact type="ar"/><nolaughter/><ct/>
621,<rm-2/><rpEndSub/><diact type="arp_nd"/><nolaughter/><cc/>
622,<rm-2/><rpEndSub/><diact type="b"/><nolaughter/><ct/>
623,<rm-2/><rpEndSub/><diact type="ba"/><nolaughter/><cc/>
624,<rm-2/><rpEndSub/><diact type="ba"/><nolaughter/><ct/>
625,<rm-2/><rpEndSub/><diact type="bd"/><nolaughter/><cc/>
626,<rm-2/><rpEndSub/><diact type="bf"/><nolaughter/><cc/>
627,<rm-2/><rpEndSub/><diact type="bk"/><nolaughter/><cc/>
628,<rm-2/><rpEndSub/><diact type="br"/><nolaughter/><cc/>
629,<rm-2/><rpEndSub/><diact type="fc"/><nolaughter/><cc/>
630,<rm-2/><rpEndSub/><diact type="fo_o_fw_"_by_bc"/><nolaughter/><cc/>
631,<rm-2/><rpEndSub/><diact type="h"/><nolaughter/><cc/>
632,<rm-2/><rpEndSub/><diact type="na"/><nolaughter/><cc/>
633,<rm-2/><rpEndSub/><diact type="na"/><nolaughter/><ct/>
634,<rm-2/><rpEndSub/><diact type="ng"/><nolaughter/><cc/>
635,<rm-2/><rpEndSub/><diact type="nn"/><nolaughter/><cc/>
636,<rm-2/><rpEndSub/><diact type="no"/><nolaughter/><cc/>
637,<rm-2/><rpEndSub/><diact type="oo_co_cc"/><nolaughter/><cc/>
638,<rm-2/><rpEndSub/><diact type="qh"/><nolaughter/><cc/>
639,<rm-2/><rpEndSub/><diact type="qo"/><nolaughter/><cc/>
640,<rm-2/><rpEndSub/><diact type="qrr"/><nolaughter/><cc/>
641,<rm-2/><rpEndSub/><diact type="qw"/><nolaughter/><cc/>
642,<rm-2/><rpEndSub/><diact type="qw"/><nolaughter/><ct/>
643,<rm-2/><rpEndSub/><diact type="qw^d"/><nolaughter/><cc/>
644,<rm-2/><rpEndSub/><diact type="qw^d"/><nolaughter/><ct/>
645,<rm-2/><rpEndSub/><diact type="qy"/><nolaughter/><cc/>
646,<rm-2/><rpEndSub/><diact type="qy^d"/><nolaughter/><cc/>
647,<rm-2/><rpEndSub/><diact type="sd"/><nolaughter/><cc/>
648,<rm-2/><rpEndSub/><diact type="sd"/><nolaughter/><ct/>
649,<rm-2/><rpEndSub/><diact type="sd"/><speechLaugh/><cc/>
650,<rm-2/><rpEndSub/><diact type="sv"/><nolaughter/><cc/>
651,<rm-2/><rpEndSub/><diact type="sv"/><nolaughter/><ct/>
652,<rm-2/><rpMid/><diact type="%"/><nolaughter/><cc/>
653,<rm-2/><rpMid/><diact type="^2"/><nolaughter/><cc/>
654,<rm-2/><rpMid/><diact type="^h"/><nolaughter/><cc/>
655,<rm-2/><rpMid/><diact type="^q"/><nolaughter/><cc/>
656,<rm-2/><rpMid/><diact type="aa"/><nolaughter/><cc/>
657,<rm-2/><rpMid/><diact type="aap_am"/><nolaughter/><cc/>
658,<rm-2/><rpMid/><diact type="ad"/><nolaughter/><cc/>
659,<rm-2/><rpMid/><diact type="ar"/><nolaughter/><cc/>
660,<rm-2/><rpMid/><diact type="arp_nd"/><nolaughter/><cc/>
661,<rm-2/><rpMid/><diact type="b"/><nolaughter/><cc/>
662,<rm-2/><rpMid/><diact type="b^m"/><nolaughter/><cc/>
663,<rm-2/><rpMid/><diact type="ba"/><nolaughter/><cc/>
664,<rm-2/><rpMid/><diact type="bd"/><nolaughter/><cc/>
665,<rm-2/><rpMid/><diact type="bf"/><nolaughter/><cc/>
666,<rm-2/><rpMid/><diact type="bh"/><nolaughter/><cc/>
667,<rm-2/><rpMid/><diact type="bk"/><nolaughter/><cc/>
668,<rm-2/><rpMid/><diact type="br"/><nolaughter/><cc/>
669,<rm-2/><rpMid/><diact type="fa"/><nolaughter/><cc/>
670,<rm-2/><rpMid/><diact type="fc"/><nolaughter/><cc/>
671,<rm-2/><rpMid/><diact type="fo_o_fw_"_by_bc"/><nolaughter/><cc/>
672,<rm-2/><rpMid/><diact type="h"/><nolaughter/><cc/>
673,<rm-2/><rpMid/><diact type="na"/><nolaughter/><cc/>
674,<rm-2/><rpMid/><diact type="ng"/><nolaughter/><cc/>
675,<rm-2/><rpMid/><diact type="no"/><nolaughter/><cc/>
676,<rm-2/><rpMid/><diact type="oo_co_cc"/><nolaughter/><cc/>
677,<rm-2/><rpMid/><diact type="qh"/><nolaughter/><cc/>
678,<rm-2/><rpMid/><diact type="qh"/><speechLaugh/><cc/>
679,<rm-2/><rpMid/><diact type="qo"/><nolaughter/><cc/>
680,<rm-2/><rpMid/><diact type="qrr"/><nolaughter/><cc/>
681,<rm-2/><rpMid/><diact type="qw"/><nolaughter/><cc/>
682,<rm-2/><rpMid/><diact type="qw^d"/><nolaughter/><cc/>
683,<rm-2/><rpMid/><diact type="qy"/><nolaughter/><cc/>
684,<rm-2/><rpMid/><diact type="qy^d"/><nolaughter/><cc/>
685,<rm-2/><rpMid/><diact type="sd"/><nolaughter/><cc/>
686,<rm-2/><rpMid/><diact type="sd"/><speechLaugh/><cc/>
687,<rm-2/><rpMid/><diact type="sv"/><nolaughter/><cc/>
688,<rm-2/><rpMid/><diact type="sv"/><speechLaugh/><cc/>
689,<rm-2/><rpMid/><diact type="t1"/><nolaughter/><cc/>
690,<rm-2/><rpMid/><diact type="t3"/><nolaughter/><cc/>
691,<rm-3/><rpEndDel/><diact type="%"/><nolaughter/><cc/>
692,<rm-3/><rpEndDel/><diact type="%"/><nolaughter/><ct/>
693,<rm-3/><rpEndDel/><diact type="^q"/><nolaughter/><cc/>
694,<rm-3/><rpEndDel/><diact type="aa"/><nolaughter/><cc/>
695,<rm-3/><rpEndDel/><diact type="ad"/><nolaughter/><cc/>
696,<rm-3/><rpEndDel/><diact type="bf"/><nolaughter/><cc/>
697,<rm-3/><rpEndDel/><diact type="br"/><nolaughter/><cc/>
698,<rm-3/><rpEndDel/><diact type="na"/><nolaughter/><cc/>
699,<rm-3/><rpEndDel/><diact type="qh"/><nolaughter/><cc/>
700,<rm-3/><rpEndDel/><diact type="qw"/><nolaughter/><cc/>
701,<rm-3/><rpEndDel/><diact type="qy"/><nolaughter/><cc/>
702,<rm-3/><rpEndDel/><diact type="qy^d"/><nolaughter/><cc/>
703,<rm-3/><rpEndDel/><diact type="sd"/><nolaughter/><cc/>
704,<rm-3/><rpEndDel/><diact type="sd"/><nolaughter/><ct/>
705,<rm-3/><rpEndDel/><diact type="sd"/><speechLaugh/><cc/>
706,<rm-3/><rpEndDel/><diact type="sv"/><nolaughter/><cc/>
707,<rm-3/><rpEndSub/><diact type="%"/><nolaughter/><cc/>
708,<rm-3/><rpEndSub/><diact type="%"/><nolaughter/><ct/>
709,<rm-3/><rpEndSub/><diact type="^h"/><nolaughter/><cc/>
710,<rm-3/><rpEndSub/><diact type="^q"/><nolaughter/><cc/>
711,<rm-3/><rpEndSub/><diact type="aa"/><nolaughter/><cc/>
712,<rm-3/><rpEndSub/><diact type="ad"/><nolaughter/><cc/>
713,<rm-3/><rpEndSub/><diact type="ar"/><nolaughter/><cc/>
714,<rm-3/><rpEndSub/><diact type="arp_nd"/><nolaughter/><cc/>
715,<rm-3/><rpEndSub/><diact type="ba"/><nolaughter/><cc/>
716,<rm-3/><rpEndSub/><diact type="bf"/><nolaughter/><cc/>
717,<rm-3/><rpEndSub/><diact type="fc"/><nolaughter/><cc/>
718,<rm-3/><rpEndSub/><diact type="fo_o_fw_"_by_bc"/><nolaughter/><cc/>
719,<rm-3/><rpEndSub/><diact type="h"/><nolaughter/><cc/>
720,<rm-3/><rpEndSub/><diact type="na"/><nolaughter/><cc/>
721,<rm-3/><rpEndSub/><diact type="ng"/><nolaughter/><cc/>
722,<rm-3/><rpEndSub/><diact type="nn"/><nolaughter/><ct/>
723,<rm-3/><rpEndSub/><diact type="no"/><nolaughter/><cc/>
724,<rm-3/><rpEndSub/><diact type="qh"/><nolaughter/><cc/>
725,<rm-3/><rpEndSub/><diact type="qo"/><nolaughter/><cc/>
726,<rm-3/><rpEndSub/><diact type="qrr"/><nolaughter/><cc/>
727,<rm-3/><rpEndSub/><diact type="qw"/><nolaughter/><cc/>
728,<rm-3/><rpEndSub/><diact type="qy"/><nolaughter/><cc/>
729,<rm-3/><rpEndSub/><diact type="qy^d"/><nolaughter/><cc/>
730,<rm-3/><rpEndSub/><diact type="sd"/><nolaughter/><cc/>
731,<rm-3/><rpEndSub/><diact type="sd"/><nolaughter/><ct/>
732,<rm-3/><rpEndSub/><diact type="sd"/><speechLaugh/><cc/>
733,<rm-3/><rpEndSub/><diact type="sv"/><nolaughter/><cc/>
734,<rm-3/><rpEndSub/><diact type="sv"/><nolaughter/><ct/>
735,<rm-3/><rpEndSub/><diact type="sv"/><speechLaugh/><cc/>
736,<rm-3/><rpEndSub/><diact type="t1"/><nolaughter/><cc/>
737,<rm-3/><rpMid/><diact type="%"/><nolaughter/><cc/>
738,<rm-3/><rpMid/><diact type="%"/><speechLaugh/><cc/>
739,<rm-3/><rpMid/><diact type="^2"/><nolaughter/><cc/>
740,<rm-3/><rpMid/><diact type="^q"/><nolaughter/><cc/>
741,<rm-3/><rpMid/><diact type="aa"/><nolaughter/><cc/>
742,<rm-3/><rpMid/><diact type="aap_am"/><nolaughter/><cc/>
743,<rm-3/><rpMid/><diact type="ad"/><nolaughter/><cc/>
744,<rm-3/><rpMid/><diact type="ar"/><nolaughter/><cc/>
745,<rm-3/><rpMid/><diact type="arp_nd"/><nolaughter/><cc/>
746,<rm-3/><rpMid/><diact type="b"/><nolaughter/><cc/>
747,<rm-3/><rpMid/><diact type="b^m"/><nolaughter/><cc/>
748,<rm-3/><rpMid/><diact type="ba"/><nolaughter/><cc/>
749,<rm-3/><rpMid/><diact type="bd"/><nolaughter/><cc/>
750,<rm-3/><rpMid/><diact type="bf"/><nolaughter/><cc/>
751,<rm-3/><rpMid/><diact type="br"/><nolaughter/><cc/>
752,<rm-3/><rpMid/><diact type="fc"/><nolaughter/><cc/>
753,<rm-3/><rpMid/><diact type="fo_o_fw_"_by_bc"/><nolaughter/><cc/>
754,<rm-3/><rpMid/><diact type="h"/><nolaughter/><cc/>
755,<rm-3/><rpMid/><diact type="na"/><nolaughter/><cc/>
756,<rm-3/><rpMid/><diact type="ng"/><nolaughter/><cc/>
757,<rm-3/><rpMid/><diact type="no"/><nolaughter/><cc/>
758,<rm-3/><rpMid/><diact type="oo_co_cc"/><nolaughter/><cc/>
759,<rm-3/><rpMid/><diact type="qh"/><nolaughter/><cc/>
760,<rm-3/><rpMid/><diact type="qo"/><nolaughter/><cc/>
761,<rm-3/><rpMid/><diact type="qrr"/><nolaughter/><cc/>
762,<rm-3/><rpMid/><diact type="qw"/><nolaughter/><cc/>
763,<rm-3/><rpMid/><diact type="qw^d"/><nolaughter/><cc/>
764,<rm-3/><rpMid/><diact type="qy"/><nolaughter/><cc/>
765,<rm-3/><rpMid/><diact type="qy^d"/><nolaughter/><cc/>
766,<rm-3/><rpMid/><diact type="sd"/><nolaughter/><cc/>
767,<rm-3/><rpMid/><diact type="sd"/><speechLaugh/><cc/>
768,<rm-3/><rpMid/><diact type="sv"/><nolaughter/><cc/>
769,<rm-3/><rpMid/><diact type="sv"/><speechLaugh/><cc/>
770,<rm-3/><rpMid/><diact type="t1"/><nolaughter/><cc/>
771,<rm-4/><rpEndDel/><diact type="%"/><nolaughter/><cc/>
772,<rm-4/><rpEndDel/><diact type="%"/><nolaughter/><ct/>
773,<rm-4/><rpEndDel/><diact type="qh"/><nolaughter/><cc/>
774,<rm-4/><rpEndDel/><diact type="qrr"/><nolaughter/><cc/>
775,<rm-4/><rpEndDel/><diact type="qw"/><nolaughter/><cc/>
776,<rm-4/><rpEndDel/><diact type="qy"/><nolaughter/><cc/>
777,<rm-4/><rpEndDel/><diact type="sd"/><nolaughter/><cc/>
778,<rm-4/><rpEndDel/><diact type="sv"/><nolaughter/><cc/>
779,<rm-4/><rpEndDel/><diact type="sv"/><nolaughter/><ct/>
780,<rm-4/><rpEndSub/><diact type="%"/><nolaughter/><cc/>
781,<rm-4/><rpEndSub/><diact type="%"/><nolaughter/><ct/>
782,<rm-4/><rpEndSub/><diact type="^h"/><nolaughter/><cc/>
783,<rm-4/><rpEndSub/><diact type="aa"/><nolaughter/><cc/>
784,<rm-4/><rpEndSub/><diact type="ar"/><nolaughter/><cc/>
785,<rm-4/><rpEndSub/><diact type="bf"/><nolaughter/><cc/>
786,<rm-4/><rpEndSub/><diact type="h"/><nolaughter/><cc/>
787,<rm-4/><rpEndSub/><diact type="h"/><speechLaugh/><cc/>
788,<rm-4/><rpEndSub/><diact type="na"/><nolaughter/><cc/>
789,<rm-4/><rpEndSub/><diact type="no"/><nolaughter/><cc/>
790,<rm-4/><rpEndSub/><diact type="qh"/><nolaughter/><cc/>
791,<rm-4/><rpEndSub/><diact type="qw"/><nolaughter/><cc/>
792,<rm-4/><rpEndSub/><diact type="qy"/><nolaughter/><cc/>
793,<rm-4/><rpEndSub/><diact type="qy^d"/><nolaughter/><cc/>
794,<rm-4/><rpEndSub/><diact type="sd"/><nolaughter/><cc/>
795,<rm-4/><rpEndSub/><diact type="sd"/><nolaughter/><ct/>
796,<rm-4/><rpEndSub/><diact type="sv"/><nolaughter/><cc/>
797,<rm-4/><rpEndSub/><diact type="sv"/><nolaughter/><ct/>
798,<rm-4/><rpMid/><diact type="%"/><nolaughter/><cc/>
799,<rm-4/><rpMid/><diact type="^2"/><nolaughter/><cc/>
800,<rm-4/><rpMid/><diact type="^h"/><nolaughter/><cc/>
801,<rm-4/><rpMid/><diact type="^q"/><nolaughter/><cc/>
802,<rm-4/><rpMid/><diact type="aa"/><nolaughter/><cc/>
803,<rm-4/><rpMid/><diact type="aap_am"/><nolaughter/><cc/>
804,<rm-4/><rpMid/><diact type="ar"/><nolaughter/><cc/>
805,<rm-4/><rpMid/><diact type="arp_nd"/><nolaughter/><cc/>
806,<rm-4/><rpMid/><diact type="ba"/><nolaughter/><cc/>
807,<rm-4/><rpMid/><diact type="bf"/><nolaughter/><cc/>
808,<rm-4/><rpMid/><diact type="fc"/><nolaughter/><cc/>
809,<rm-4/><rpMid/><diact type="h"/><nolaughter/><cc/>
810,<rm-4/><rpMid/><diact type="na"/><nolaughter/><cc/>
811,<rm-4/><rpMid/><diact type="ng"/><nolaughter/><cc/>
812,<rm-4/><rpMid/><diact type="no"/><nolaughter/><cc/>
813,<rm-4/><rpMid/><diact type="qh"/><nolaughter/><cc/>
814,<rm-4/><rpMid/><diact type="qo"/><nolaughter/><cc/>
815,<rm-4/><rpMid/><diact type="qw"/><nolaughter/><cc/>
816,<rm-4/><rpMid/><diact type="qw^d"/><nolaughter/><cc/>
817,<rm-4/><rpMid/><diact type="qy"/><nolaughter/><cc/>
818,<rm-4/><rpMid/><diact type="qy^d"/><nolaughter/><cc/>
819,<rm-4/><rpMid/><diact type="sd"/><nolaughter/><cc/>
820,<rm-4/><rpMid/><diact type="sd"/><speechLaugh/><cc/>
821,<rm-4/><rpMid/><diact type="sv"/><nolaughter/><cc/>
822,<rm-4/><rpMid/><diact type="sv"/><speechLaugh/><cc/>
823,<rm-4/><rpMid/><diact type="t1"/><nolaughter/><cc/>
824,<rm-5/><rpEndDel/><diact type="%"/><nolaughter/><cc/>
825,<rm-5/><rpEndDel/><diact type="%"/><nolaughter/><ct/>
826,<rm-5/><rpEndDel/><diact type="qw"/><nolaughter/><cc/>
827,<rm-5/><rpEndDel/><diact type="qy"/><nolaughter/><cc/>
828,<rm-5/><rpEndDel/><diact type="sd"/><nolaughter/><cc/>
829,<rm-5/><rpEndDel/><diact type="sv"/><nolaughter/><cc/>
830,<rm-5/><rpEndSub/><diact type="%"/><nolaughter/><cc/>
831,<rm-5/><rpEndSub/><diact type="%"/><nolaughter/><ct/>
832,<rm-5/><rpEndSub/><diact type="aa"/><nolaughter/><cc/>
833,<rm-5/><rpEndSub/><diact type="ar"/><nolaughter/><cc/>
834,<rm-5/><rpEndSub/><diact type="h"/><nolaughter/><cc/>
835,<rm-5/><rpEndSub/><diact type="na"/><nolaughter/><cc/>
836,<rm-5/><rpEndSub/><diact type="qw"/><nolaughter/><cc/>
837,<rm-5/><rpEndSub/><diact type="qy"/><nolaughter/><cc/>
838,<rm-5/><rpEndSub/><diact type="qy^d"/><nolaughter/><cc/>
839,<rm-5/><rpEndSub/><diact type="sd"/><nolaughter/><cc/>
840,<rm-5/><rpEndSub/><diact type="sd"/><nolaughter/><ct/>
841,<rm-5/><rpEndSub/><diact type="sd"/><speechLaugh/><cc/>
842,<rm-5/><rpEndSub/><diact type="sv"/><nolaughter/><cc/>
843,<rm-5/><rpEndSub/><diact type="sv"/><nolaughter/><ct/>
844,<rm-5/><rpMid/><diact type="%"/><nolaughter/><cc/>
845,<rm-5/><rpMid/><diact type="^q"/><nolaughter/><cc/>
846,<rm-5/><rpMid/><diact type="aa"/><nolaughter/><cc/>
847,<rm-5/><rpMid/><diact type="aap_am"/><nolaughter/><cc/>
848,<rm-5/><rpMid/><diact type="ad"/><nolaughter/><cc/>
849,<rm-5/><rpMid/><diact type="ba"/><nolaughter/><cc/>
850,<rm-5/><rpMid/><diact type="bf"/><nolaughter/><cc/>
851,<rm-5/><rpMid/><diact type="fc"/><nolaughter/><cc/>
852,<rm-5/><rpMid/><diact type="ng"/><nolaughter/><cc/>
853,<rm-5/><rpMid/><diact type="no"/><nolaughter/><cc/>
854,<rm-5/><rpMid/><diact type="qh"/><nolaughter/><cc/>
855,<rm-5/><rpMid/><diact type="qo"/><nolaughter/><cc/>
856,<rm-5/><rpMid/><diact type="qw"/><nolaughter/><cc/>
857,<rm-5/><rpMid/><diact type="qy"/><nolaughter/><cc/>
858,<rm-5/><rpMid/><diact type="qy^d"/><nolaughter/><cc/>
859,<rm-5/><rpMid/><diact type="sd"/><nolaughter/><cc/>
860,<rm-5/><rpMid/><diact type="sv"/><nolaughter/><cc/>
861,<rm-5/><rpMid/><diact type="sv"/><speechLaugh/><cc/>
862,<rm-6/><rpEndDel/><diact type="qy"/><nolaughter/><cc/>
863,<rm-6/><rpEndDel/><diact type="sd"/><nolaughter/><cc/>
864,<rm-6/><rpEndDel/><diact type="sv"/><nolaughter/><cc/>
865,<rm-6/><rpEndDel/><diact type="sv"/><nolaughter/><ct/>
866,<rm-6/><rpEndSub/><diact type="^q"/><nolaughter/><cc/>
867,<rm-6/><rpEndSub/><diact type="aa"/><nolaughter/><cc/>
868,<rm-6/><rpEndSub/><diact type="na"/><nolaughter/><cc/>
869,<rm-6/><rpEndSub/><diact type="qh"/><nolaughter/><cc/>
870,<rm-6/><rpEndSub/><diact type="sd"/><nolaughter/><cc/>
871,<rm-6/><rpEndSub/><diact type="sv"/><nolaughter/><cc/>
872,<rm-6/><rpMid/><diact type="%"/><nolaughter/><cc/>
873,<rm-6/><rpMid/><diact type="ad"/><nolaughter/><cc/>
874,<rm-6/><rpMid/><diact type="ba"/><nolaughter/><cc/>
875,<rm-6/><rpMid/><diact type="bf"/><nolaughter/><cc/>
876,<rm-6/><rpMid/><diact type="h"/><nolaughter/><cc/>
877,<rm-6/><rpMid/><diact type="no"/><nolaughter/><cc/>
878,<rm-6/><rpMid/><diact type="qo"/><nolaughter/><cc/>
879,<rm-6/><rpMid/><diact type="qw"/><nolaughter/><cc/>
880,<rm-6/><rpMid/><diact type="qy"/><nolaughter/><cc/>
881,<rm-6/><rpMid/><diact type="qy^d"/><nolaughter/><cc/>
882,<rm-6/><rpMid/><diact type="sd"/><nolaughter/><cc/>
883,<rm-6/><rpMid/><diact type="sd"/><speechLaugh/><cc/>
884,<rm-6/><rpMid/><diact type="sv"/><nolaughter/><cc/>
885,<rm-7/><rpEndDel/><diact type="qh"/><nolaughter/><cc/>
886,<rm-7/><rpEndDel/><diact type="sd"/><nolaughter/><cc/>
887,<rm-7/><rpEndDel/><diact type="sd"/><nolaughter/><ct/>
888,<rm-7/><rpEndDel/><diact type="sv"/><nolaughter/><cc/>
889,<rm-7/><rpEndSub/><diact type="qy"/><nolaughter/><ct/>
890,<rm-7/><rpEndSub/><diact type="sd"/><nolaughter/><cc/>
891,<rm-7/><rpEndSub/><diact type="sv"/><nolaughter/><cc/>
892,<rm-7/><rpMid/><diact type="^q"/><nolaughter/><cc/>
893,<rm-7/><rpMid/><diact type="ad"/><nolaughter/><cc/>
894,<rm-7/><rpMid/><diact type="fc"/><nolaughter/><cc/>
895,<rm-7/><rpMid/><diact type="na"/><nolaughter/><cc/>
896,<rm-7/><rpMid/><diact type="no"/><nolaughter/><cc/>
897,<rm-7/><rpMid/><diact type="qh"/><nolaughter/><cc/>
898,<rm-7/><rpMid/><diact type="qw"/><nolaughter/><cc/>
899,<rm-7/><rpMid/><diact type="qw^d"/><nolaughter/><cc/>
900,<rm-7/><rpMid/><diact type="qy"/><nolaughter/><cc/>
901,<rm-7/><rpMid/><diact type="sd"/><nolaughter/><cc/>
902,<rm-7/><rpMid/><diact type="sv"/><nolaughter/><cc/>
903,<rm-7/><rpMid/><diact type="sv"/><speechLaugh/><cc/>
904,<rm-8/><rpEndDel/><diact type="sd"/><nolaughter/><cc/>
905,<rm-8/><rpEndDel/><diact type="sd"/><nolaughter/><ct/>
906,<rm-8/><rpEndDel/><diact type="sv"/><nolaughter/><cc/>
907,<rm-8/><rpEndSub/><diact type="na"/><nolaughter/><cc/>
908,<rm-8/><rpEndSub/><diact type="qy^d"/><nolaughter/><cc/>
909,<rm-8/><rpEndSub/><diact type="sd"/><nolaughter/><cc/>
910,<rm-8/><rpEndSub/><diact type="sv"/><nolaughter/><cc/>
911,<rm-8/><rpMid/><diact type="%"/><nolaughter/><cc/>
912,<rm-8/><rpMid/><diact type="^h"/><nolaughter/><cc/>
913,<rm-8/><rpMid/><diact type="ad"/><nolaughter/><cc/>
914,<rm-8/><rpMid/><diact type="qh"/><nolaughter/><cc/>
915,<rm-8/><rpMid/><diact type="qw"/><nolaughter/><cc/>
916,<rm-8/><rpMid/><diact type="qy"/><nolaughter/><cc/>
917,<rm-8/><rpMid/><diact type="sd"/><nolaughter/><cc/>
918,<rm-8/><rpMid/><diact type="sv"/><nolaughter/><cc/>
919,<rpEndSub/><diact type="%"/><nolaughter/><cc/>
920,<rpEndSub/><diact type="%"/><nolaughter/><ct/>
921,<rpEndSub/><diact type="%"/><speechLaugh/><ct/>
922,<rpEndSub/><diact type="^2"/><nolaughter/><cc/>
923,<rpEndSub/><diact type="^2"/><nolaughter/><ct/>
924,<rpEndSub/><diact type="^h"/><nolaughter/><cc/>
925,<rpEndSub/><diact type="^h"/><nolaughter/><ct/>
926,<rpEndSub/><diact type="^q"/><nolaughter/><cc/>
927,<rpEndSub/><diact type="^q"/><nolaughter/><ct/>
928,<rpEndSub/><diact type="aa"/><nolaughter/><cc/>
929,<rpEndSub/><diact type="aa"/><nolaughter/><ct/>
930,<rpEndSub/><diact type="aap_am"/><nolaughter/><cc/>
931,<rpEndSub/><diact type="aap_am"/><nolaughter/><ct/>
932,<rpEndSub/><diact type="ad"/><nolaughter/><cc/>
933,<rpEndSub/><diact type="ad"/><nolaughter/><ct/>
934,<rpEndSub/><diact type="ar"/><nolaughter/><cc/>
935,<rpEndSub/><diact type="arp_nd"/><nolaughter/><cc/>
936,<rpEndSub/><diact type="arp_nd"/><nolaughter/><ct/>
937,<rpEndSub/><diact type="b"/><nolaughter/><cc/>
938,<rpEndSub/><diact type="b^m"/><nolaughter/><cc/>
939,<rpEndSub/><diact type="b^m"/><nolaughter/><ct/>
940,<rpEndSub/><diact type="ba"/><nolaughter/><cc/>
941,<rpEndSub/><diact type="ba"/><nolaughter/><ct/>
942,<rpEndSub/><diact type="bd"/><nolaughter/><cc/>
943,<rpEndSub/><diact type="bf"/><nolaughter/><cc/>
944,<rpEndSub/><diact type="bf"/><nolaughter/><ct/>
945,<rpEndSub/><diact type="bh"/><nolaughter/><cc/>
946,<rpEndSub/><diact type="bh"/><nolaughter/><ct/>
947,<rpEndSub/><diact type="bk"/><nolaughter/><cc/>
948,<rpEndSub/><diact type="br"/><nolaughter/><cc/>
949,<rpEndSub/><diact type="fa"/><nolaughter/><cc/>
950,<rpEndSub/><diact type="fc"/><nolaughter/><cc/>
951,<rpEndSub/><diact type="fc"/><nolaughter/><ct/>
952,<rpEndSub/><diact type="fo_o_fw_"_by_bc"/><nolaughter/><cc/>
953,<rpEndSub/><diact type="fo_o_fw_"_by_bc"/><nolaughter/><ct/>
954,<rpEndSub/><diact type="fp"/><nolaughter/><cc/>
955,<rpEndSub/><diact type="h"/><nolaughter/><cc/>
956,<rpEndSub/><diact type="h"/><nolaughter/><ct/>
957,<rpEndSub/><diact type="na"/><nolaughter/><cc/>
958,<rpEndSub/><diact type="na"/><nolaughter/><ct/>
959,<rpEndSub/><diact type="ng"/><nolaughter/><cc/>
960,<rpEndSub/><diact type="ng"/><nolaughter/><ct/>
961,<rpEndSub/><diact type="no"/><nolaughter/><cc/>
962,<rpEndSub/><diact type="no"/><nolaughter/><ct/>
963,<rpEndSub/><diact type="oo_co_cc"/><nolaughter/><cc/>
964,<rpEndSub/><diact type="qh"/><nolaughter/><cc/>
965,<rpEndSub/><diact type="qh"/><nolaughter/><ct/>
966,<rpEndSub/><diact type="qh"/><speechLaugh/><cc/>
967,<rpEndSub/><diact type="qo"/><nolaughter/><cc/>
968,<rpEndSub/><diact type="qo"/><nolaughter/><ct/>
969,<rpEndSub/><diact type="qrr"/><nolaughter/><cc/>
970,<rpEndSub/><diact type="qw"/><nolaughter/><cc/>
971,<rpEndSub/><diact type="qw"/><nolaughter/><ct/>
972,<rpEndSub/><diact type="qw"/><speechLaugh/><ct/>
973,<rpEndSub/><diact type="qw^d"/><nolaughter/><cc/>
974,<rpEndSub/><diact type="qw^d"/><nolaughter/><ct/>
975,<rpEndSub/><diact type="qy"/><nolaughter/><cc/>
976,<rpEndSub/><diact type="qy"/><nolaughter/><ct/>
977,<rpEndSub/><diact type="qy^d"/><nolaughter/><cc/>
978,<rpEndSub/><diact type="qy^d"/><nolaughter/><ct/>
979,<rpEndSub/><diact type="sd"/><nolaughter/><cc/>
980,<rpEndSub/><diact type="sd"/><nolaughter/><ct/>
981,<rpEndSub/><diact type="sd"/><speechLaugh/><cc/>
982,<rpEndSub/><diact type="sd"/><speechLaugh/><ct/>
983,<rpEndSub/><diact type="sv"/><nolaughter/><cc/>
984,<rpEndSub/><diact type="sv"/><nolaughter/><ct/>
985,<rpEndSub/><diact type="sv"/><speechLaugh/><cc/>
986,<rpEndSub/><diact type="t1"/><nolaughter/><cc/>
987,<rpEndSub/><diact type="t1"/><nolaughter/><ct/>
988,<rpEndSub/><diact type="t3"/><nolaughter/><ct/>